"Time Stamp","Time Zone","Name","PTID","Load"
"07/27/2025 00:00:00","EDT","CAPITL",61757,1506.7234
"07/27/2025 00:00:00","EDT","CENTRL",61754,1970.4894
"07/27/2025 00:00:00","EDT","DUNWOD",61760,748.9344
"07/27/2025 00:00:00","EDT","GENESE",61753,1351.0249
"07/27/2025 00:00:00","EDT","HUD VL",61758,1272.2423
"07/27/2025 00:00:00","EDT","LONGIL",61762,2681.042
"07/27/2025 00:00:00","EDT","MHK VL",61756,980.5894
"07/27/2025 00:00:00","EDT","MILLWD",61759,308.9123
"07/27/2025 00:00:00","EDT","N.Y.C.",61761,6385.7744
"07/27/2025 00:00:00","EDT","NORTH",61755,566.1072
"07/27/2025 00:00:00","EDT","WEST",61752,2118.5396
"07/27/2025 00:05:00","EDT","CAPITL",61757,1502.8529
"07/27/2025 00:05:00","EDT","CENTRL",61754,1969.3389
"07/27/2025 00:05:00","EDT","DUNWOD",61760,745.1291
"07/27/2025 00:05:00","EDT","GENESE",61753,1338.8295
"07/27/2025 00:05:00","EDT","HUD VL",61758,1290.9891
"07/27/2025 00:05:00","EDT","LONGIL",61762,2647.393
"07/27/2025 00:05:00","EDT","MHK VL",61756,968.324
"07/27/2025 00:05:00","EDT","MILLWD",61759,314.5649
"07/27/2025 00:05:00","EDT","N.Y.C.",61761,6406.123
"07/27/2025 00:05:00","EDT","NORTH",61755,563.9728
"07/27/2025 00:05:00","EDT","WEST",61752,2107.7166
"07/27/2025 00:10:00","EDT","CAPITL",61757,1495.838
"07/27/2025 00:10:00","EDT","CENTRL",61754,1932.931
"07/27/2025 00:10:00","EDT","DUNWOD",61760,749.8505
"07/27/2025 00:10:00","EDT","GENESE",61753,1332.3151
"07/27/2025 00:10:00","EDT","HUD VL",61758,1255.5017
"07/27/2025 00:10:00","EDT","LONGIL",61762,2659.3242
"07/27/2025 00:10:00","EDT","MHK VL",61756,970.1166
"07/27/2025 00:10:00","EDT","MILLWD",61759,324.0344
"07/27/2025 00:10:00","EDT","N.Y.C.",61761,6390.326
"07/27/2025 00:10:00","EDT","NORTH",61755,583.8009
"07/27/2025 00:10:00","EDT","WEST",61752,2067.6262
"07/27/2025 00:15:00","EDT","CAPITL",61757,1483.3932
"07/27/2025 00:15:00","EDT","CENTRL",61754,1935.3705
"07/27/2025 00:15:00","EDT","DUNWOD",61760,731.7861
"07/27/2025 00:15:00","EDT","GENESE",61753,1332.7424
"07/27/2025 00:15:00","EDT","HUD VL",61758,1250.1958
"07/27/2025 00:15:00","EDT","LONGIL",61762,2634.0317
"07/27/2025 00:15:00","EDT","MHK VL",61756,960.9979
"07/27/2025 00:15:00","EDT","MILLWD",61759,332.0423
"07/27/2025 00:15:00","EDT","N.Y.C.",61761,6373.643
"07/27/2025 00:15:00","EDT","NORTH",61755,581.0241
"07/27/2025 00:15:00","EDT","WEST",61752,2080.879
"07/27/2025 00:20:00","EDT","CAPITL",61757,1478.955
"07/27/2025 00:20:00","EDT","CENTRL",61754,1888.025
"07/27/2025 00:20:00","EDT","DUNWOD",61760,737.1249
"07/27/2025 00:20:00","EDT","GENESE",61753,1321.2034
"07/27/2025 00:20:00","EDT","HUD VL",61758,1250.4633
"07/27/2025 00:20:00","EDT","LONGIL",61762,2627.4248
"07/27/2025 00:20:00","EDT","MHK VL",61756,966.7765
"07/27/2025 00:20:00","EDT","MILLWD",61759,329.5857
"07/27/2025 00:20:00","EDT","N.Y.C.",61761,6325.274
"07/27/2025 00:20:00","EDT","NORTH",61755,569.8267
"07/27/2025 00:20:00","EDT","WEST",61752,2070.2192
"07/27/2025 00:25:00","EDT","CAPITL",61757,1459.6722
"07/27/2025 00:25:00","EDT","CENTRL",61754,1919.3866
"07/27/2025 00:25:00","EDT","DUNWOD",61760,742.9016
"07/27/2025 00:25:00","EDT","GENESE",61753,1317.6809
"07/27/2025 00:25:00","EDT","HUD VL",61758,1273.8044
"07/27/2025 00:25:00","EDT","LONGIL",61762,2602.0261
"07/27/2025 00:25:00","EDT","MHK VL",61756,953.6025
"07/27/2025 00:25:00","EDT","MILLWD",61759,319.4449
"07/27/2025 00:25:00","EDT","N.Y.C.",61761,6331.1367
"07/27/2025 00:25:00","EDT","NORTH",61755,569.3613
"07/27/2025 00:25:00","EDT","WEST",61752,2072.9043
"07/27/2025 00:30:00","EDT","CAPITL",61757,1468.1478
"07/27/2025 00:30:00","EDT","CENTRL",61754,1914.2557
"07/27/2025 00:30:00","EDT","DUNWOD",61760,728.7604
"07/27/2025 00:30:00","EDT","GENESE",61753,1306.6743
"07/27/2025 00:30:00","EDT","HUD VL",61758,1224.0461
"07/27/2025 00:30:00","EDT","LONGIL",61762,2597.6929
"07/27/2025 00:30:00","EDT","MHK VL",61756,959.4973
"07/27/2025 00:30:00","EDT","MILLWD",61759,336.0865
"07/27/2025 00:30:00","EDT","N.Y.C.",61761,6329.2354
"07/27/2025 00:30:00","EDT","NORTH",61755,564.4622
"07/27/2025 00:30:00","EDT","WEST",61752,2066.3281
"07/27/2025 00:35:00","EDT","CAPITL",61757,1453.2267
"07/27/2025 00:35:00","EDT","CENTRL",61754,1908.1001
"07/27/2025 00:35:00","EDT","DUNWOD",61760,749.9071
"07/27/2025 00:35:00","EDT","GENESE",61753,1305.7805
"07/27/2025 00:35:00","EDT","HUD VL",61758,1243.7562
"07/27/2025 00:35:00","EDT","LONGIL",61762,2600.0405
"07/27/2025 00:35:00","EDT","MHK VL",61756,942.1422
"07/27/2025 00:35:00","EDT","MILLWD",61759,307.5762
"07/27/2025 00:35:00","EDT","N.Y.C.",61761,6268.84
"07/27/2025 00:35:00","EDT","NORTH",61755,576.1367
"07/27/2025 00:35:00","EDT","WEST",61752,2050.0889
"07/27/2025 00:40:00","EDT","CAPITL",61757,1441.336
"07/27/2025 00:40:00","EDT","CENTRL",61754,1909.3065
"07/27/2025 00:40:00","EDT","DUNWOD",61760,728.5328
"07/27/2025 00:40:00","EDT","GENESE",61753,1297.8285
"07/27/2025 00:40:00","EDT","HUD VL",61758,1220.3158
"07/27/2025 00:40:00","EDT","LONGIL",61762,2567.5918
"07/27/2025 00:40:00","EDT","MHK VL",61756,947.8831
"07/27/2025 00:40:00","EDT","MILLWD",61759,319.5343
"07/27/2025 00:40:00","EDT","N.Y.C.",61761,6271.84
"07/27/2025 00:40:00","EDT","NORTH",61755,590.4467
"07/27/2025 00:40:00","EDT","WEST",61752,2047.5671
"07/27/2025 00:45:00","EDT","CAPITL",61757,1448.8512
"07/27/2025 00:45:00","EDT","CENTRL",61754,1893.7021
"07/27/2025 00:45:00","EDT","DUNWOD",61760,729.5878
"07/27/2025 00:45:00","EDT","GENESE",61753,1295.511
"07/27/2025 00:45:00","EDT","HUD VL",61758,1221.4122
"07/27/2025 00:45:00","EDT","LONGIL",61762,2548.294
"07/27/2025 00:45:00","EDT","MHK VL",61756,943.2117
"07/27/2025 00:45:00","EDT","MILLWD",61759,312.7815
"07/27/2025 00:45:00","EDT","N.Y.C.",61761,6253.7744
"07/27/2025 00:45:00","EDT","NORTH",61755,591.0978
"07/27/2025 00:45:00","EDT","WEST",61752,2048.4214
"07/27/2025 00:50:00","EDT","CAPITL",61757,1432.8168
"07/27/2025 00:50:00","EDT","CENTRL",61754,1854.7201
"07/27/2025 00:50:00","EDT","DUNWOD",61760,728.4833
"07/27/2025 00:50:00","EDT","GENESE",61753,1295.7351
"07/27/2025 00:50:00","EDT","HUD VL",61758,1207.9788
"07/27/2025 00:50:00","EDT","LONGIL",61762,2547.242
"07/27/2025 00:50:00","EDT","MHK VL",61756,942.6768
"07/27/2025 00:50:00","EDT","MILLWD",61759,306.7506
"07/27/2025 00:50:00","EDT","N.Y.C.",61761,6248.3633
"07/27/2025 00:50:00","EDT","NORTH",61755,586.8615
"07/27/2025 00:50:00","EDT","WEST",61752,2049.9612
"07/27/2025 00:55:00","EDT","CAPITL",61757,1432.2026
"07/27/2025 00:55:00","EDT","CENTRL",61754,1840.5879
"07/27/2025 00:55:00","EDT","DUNWOD",61760,710.3724
"07/27/2025 00:55:00","EDT","GENESE",61753,1279.6588
"07/27/2025 00:55:00","EDT","HUD VL",61758,1208.8657
"07/27/2025 00:55:00","EDT","LONGIL",61762,2532.1401
"07/27/2025 00:55:00","EDT","MHK VL",61756,960.1399
"07/27/2025 00:55:00","EDT","MILLWD",61759,313.0234
"07/27/2025 00:55:00","EDT","N.Y.C.",61761,6247.575
"07/27/2025 00:55:00","EDT","NORTH",61755,553.3901
"07/27/2025 00:55:00","EDT","WEST",61752,2032.1528
"07/27/2025 01:00:00","EDT","CAPITL",61757,1431.8865
"07/27/2025 01:00:00","EDT","CENTRL",61754,1872.3995
"07/27/2025 01:00:00","EDT","DUNWOD",61760,718.8898
"07/27/2025 01:00:00","EDT","GENESE",61753,1278.251
"07/27/2025 01:00:00","EDT","HUD VL",61758,1196.1599
"07/27/2025 01:00:00","EDT","LONGIL",61762,2511.5732
"07/27/2025 01:00:00","EDT","MHK VL",61756,940.1186
"07/27/2025 01:00:00","EDT","MILLWD",61759,307.8849
"07/27/2025 01:00:00","EDT","N.Y.C.",61761,6211.4106
"07/27/2025 01:00:00","EDT","NORTH",61755,574.5466
"07/27/2025 01:00:00","EDT","WEST",61752,2009.6334
"07/27/2025 01:05:00","EDT","CAPITL",61757,1444.0801
"07/27/2025 01:05:00","EDT","CENTRL",61754,1860.9282
"07/27/2025 01:05:00","EDT","DUNWOD",61760,713.895
"07/27/2025 01:05:00","EDT","GENESE",61753,1281.596
"07/27/2025 01:05:00","EDT","HUD VL",61758,1172.6445
"07/27/2025 01:05:00","EDT","LONGIL",61762,2497.8442
"07/27/2025 01:05:00","EDT","MHK VL",61756,939.8285
"07/27/2025 01:05:00","EDT","MILLWD",61759,299.2759
"07/27/2025 01:05:00","EDT","N.Y.C.",61761,6188.0156
"07/27/2025 01:05:00","EDT","NORTH",61755,559.1399
"07/27/2025 01:05:00","EDT","WEST",61752,2008.745
"07/27/2025 01:10:00","EDT","CAPITL",61757,1426.4393
"07/27/2025 01:10:00","EDT","CENTRL",61754,1855.884
"07/27/2025 01:10:00","EDT","DUNWOD",61760,704.4863
"07/27/2025 01:10:00","EDT","GENESE",61753,1271.6799
"07/27/2025 01:10:00","EDT","HUD VL",61758,1199.9216
"07/27/2025 01:10:00","EDT","LONGIL",61762,2478.3735
"07/27/2025 01:10:00","EDT","MHK VL",61756,925.2571
"07/27/2025 01:10:00","EDT","MILLWD",61759,309.2707
"07/27/2025 01:10:00","EDT","N.Y.C.",61761,6179.696
"07/27/2025 01:10:00","EDT","NORTH",61755,588.3805
"07/27/2025 01:10:00","EDT","WEST",61752,2013.6729
"07/27/2025 01:15:00","EDT","CAPITL",61757,1418.9026
"07/27/2025 01:15:00","EDT","CENTRL",61754,1824.806
"07/27/2025 01:15:00","EDT","DUNWOD",61760,713.4932
"07/27/2025 01:15:00","EDT","GENESE",61753,1265.2998
"07/27/2025 01:15:00","EDT","HUD VL",61758,1178.5248
"07/27/2025 01:15:00","EDT","LONGIL",61762,2468.3877
"07/27/2025 01:15:00","EDT","MHK VL",61756,919.8232
"07/27/2025 01:15:00","EDT","MILLWD",61759,311.1692
"07/27/2025 01:15:00","EDT","N.Y.C.",61761,6152.998
"07/27/2025 01:15:00","EDT","NORTH",61755,577.9736
"07/27/2025 01:15:00","EDT","WEST",61752,1995.3245
"07/27/2025 01:20:00","EDT","CAPITL",61757,1422.6583
"07/27/2025 01:20:00","EDT","CENTRL",61754,1846.9866
"07/27/2025 01:20:00","EDT","DUNWOD",61760,703.5042
"07/27/2025 01:20:00","EDT","GENESE",61753,1255.464
"07/27/2025 01:20:00","EDT","HUD VL",61758,1151.8748
"07/27/2025 01:20:00","EDT","LONGIL",61762,2468.1365
"07/27/2025 01:20:00","EDT","MHK VL",61756,923.1683
"07/27/2025 01:20:00","EDT","MILLWD",61759,316.4749
"07/27/2025 01:20:00","EDT","N.Y.C.",61761,6121.915
"07/27/2025 01:20:00","EDT","NORTH",61755,566.6683
"07/27/2025 01:20:00","EDT","WEST",61752,1999.4431
"07/27/2025 01:25:00","EDT","CAPITL",61757,1413.514
"07/27/2025 01:25:00","EDT","CENTRL",61754,1841.9606
"07/27/2025 01:25:00","EDT","DUNWOD",61760,697.1367
"07/27/2025 01:25:00","EDT","GENESE",61753,1260.8632
"07/27/2025 01:25:00","EDT","HUD VL",61758,1160.6921
"07/27/2025 01:25:00","EDT","LONGIL",61762,2454.8926
"07/27/2025 01:25:00","EDT","MHK VL",61756,930.4194
"07/27/2025 01:25:00","EDT","MILLWD",61759,316.0518
"07/27/2025 01:25:00","EDT","N.Y.C.",61761,6125.542
"07/27/2025 01:25:00","EDT","NORTH",61755,567.0804
"07/27/2025 01:25:00","EDT","WEST",61752,1988.2283
"07/27/2025 01:30:00","EDT","CAPITL",61757,1408.7493
"07/27/2025 01:30:00","EDT","CENTRL",61754,1846.0304
"07/27/2025 01:30:00","EDT","DUNWOD",61760,708.7018
"07/27/2025 01:30:00","EDT","GENESE",61753,1248.675
"07/27/2025 01:30:00","EDT","HUD VL",61758,1178.68
"07/27/2025 01:30:00","EDT","LONGIL",61762,2436.2803
"07/27/2025 01:30:00","EDT","MHK VL",61756,905.1489
"07/27/2025 01:30:00","EDT","MILLWD",61759,286.8069
"07/27/2025 01:30:00","EDT","N.Y.C.",61761,6069.9873
"07/27/2025 01:30:00","EDT","NORTH",61755,588.5644
"07/27/2025 01:30:00","EDT","WEST",61752,1972.6697
"07/27/2025 01:35:00","EDT","CAPITL",61757,1403.7904
"07/27/2025 01:35:00","EDT","CENTRL",61754,1839.5479
"07/27/2025 01:35:00","EDT","DUNWOD",61760,699.7918
"07/27/2025 01:35:00","EDT","GENESE",61753,1243.8804
"07/27/2025 01:35:00","EDT","HUD VL",61758,1150.9833
"07/27/2025 01:35:00","EDT","LONGIL",61762,2440.4878
"07/27/2025 01:35:00","EDT","MHK VL",61756,908.0848
"07/27/2025 01:35:00","EDT","MILLWD",61759,297.2404
"07/27/2025 01:35:00","EDT","N.Y.C.",61761,6065.8105
"07/27/2025 01:35:00","EDT","NORTH",61755,580.4595
"07/27/2025 01:35:00","EDT","WEST",61752,1989.2952
"07/27/2025 01:40:00","EDT","CAPITL",61757,1404.0967
"07/27/2025 01:40:00","EDT","CENTRL",61754,1838.6614
"07/27/2025 01:40:00","EDT","DUNWOD",61760,704.3794
"07/27/2025 01:40:00","EDT","GENESE",61753,1246.6603
"07/27/2025 01:40:00","EDT","HUD VL",61758,1184.2875
"07/27/2025 01:40:00","EDT","LONGIL",61762,2421.5044
"07/27/2025 01:40:00","EDT","MHK VL",61756,899.8395
"07/27/2025 01:40:00","EDT","MILLWD",61759,292.6469
"07/27/2025 01:40:00","EDT","N.Y.C.",61761,6042.4043
"07/27/2025 01:40:00","EDT","NORTH",61755,578.5784
"07/27/2025 01:40:00","EDT","WEST",61752,1965.3687
"07/27/2025 01:45:00","EDT","CAPITL",61757,1406.1583
"07/27/2025 01:45:00","EDT","CENTRL",61754,1825.2585
"07/27/2025 01:45:00","EDT","DUNWOD",61760,701.3406
"07/27/2025 01:45:00","EDT","GENESE",61753,1246.8994
"07/27/2025 01:45:00","EDT","HUD VL",61758,1155.3914
"07/27/2025 01:45:00","EDT","LONGIL",61762,2405.338
"07/27/2025 01:45:00","EDT","MHK VL",61756,917.7435
"07/27/2025 01:45:00","EDT","MILLWD",61759,291.9001
"07/27/2025 01:45:00","EDT","N.Y.C.",61761,6031.263
"07/27/2025 01:45:00","EDT","NORTH",61755,570.2746
"07/27/2025 01:45:00","EDT","WEST",61752,1949.5396
"07/27/2025 01:50:00","EDT","CAPITL",61757,1404.5247
"07/27/2025 01:50:00","EDT","CENTRL",61754,1784.1921
"07/27/2025 01:50:00","EDT","DUNWOD",61760,685.0325
"07/27/2025 01:50:00","EDT","GENESE",61753,1236.2908
"07/27/2025 01:50:00","EDT","HUD VL",61758,1158.741
"07/27/2025 01:50:00","EDT","LONGIL",61762,2390.335
"07/27/2025 01:50:00","EDT","MHK VL",61756,885.0597
"07/27/2025 01:50:00","EDT","MILLWD",61759,302.726
"07/27/2025 01:50:00","EDT","N.Y.C.",61761,6047.5244
"07/27/2025 01:50:00","EDT","NORTH",61755,563.8647
"07/27/2025 01:50:00","EDT","WEST",61752,1977.0347
"07/27/2025 01:55:00","EDT","CAPITL",61757,1388.4714
"07/27/2025 01:55:00","EDT","CENTRL",61754,1798.5994
"07/27/2025 01:55:00","EDT","DUNWOD",61760,694.9596
"07/27/2025 01:55:00","EDT","GENESE",61753,1237.8217
"07/27/2025 01:55:00","EDT","HUD VL",61758,1139.0227
"07/27/2025 01:55:00","EDT","LONGIL",61762,2379.9375
"07/27/2025 01:55:00","EDT","MHK VL",61756,900.937
"07/27/2025 01:55:00","EDT","MILLWD",61759,292.0381
"07/27/2025 01:55:00","EDT","N.Y.C.",61761,6006.078
"07/27/2025 01:55:00","EDT","NORTH",61755,540.9233
"07/27/2025 01:55:00","EDT","WEST",61752,1957.0593
"07/27/2025 02:00:00","EDT","CAPITL",61757,1387.8352
"07/27/2025 02:00:00","EDT","CENTRL",61754,1785.6633
"07/27/2025 02:00:00","EDT","DUNWOD",61760,697.609
"07/27/2025 02:00:00","EDT","GENESE",61753,1238.4001
"07/27/2025 02:00:00","EDT","HUD VL",61758,1158.4242
"07/27/2025 02:00:00","EDT","LONGIL",61762,2376.4897
"07/27/2025 02:00:00","EDT","MHK VL",61756,908.0612
"07/27/2025 02:00:00","EDT","MILLWD",61759,286.1191
"07/27/2025 02:00:00","EDT","N.Y.C.",61761,5986.128
"07/27/2025 02:00:00","EDT","NORTH",61755,554.9052
"07/27/2025 02:00:00","EDT","WEST",61752,1953.5922
"07/27/2025 02:05:00","EDT","CAPITL",61757,1370.1602
"07/27/2025 02:05:00","EDT","CENTRL",61754,1794.2804
"07/27/2025 02:05:00","EDT","DUNWOD",61760,696.2958
"07/27/2025 02:05:00","EDT","GENESE",61753,1225.2384
"07/27/2025 02:05:00","EDT","HUD VL",61758,1123.585
"07/27/2025 02:05:00","EDT","LONGIL",61762,2366.8462
"07/27/2025 02:05:00","EDT","MHK VL",61756,899.4507
"07/27/2025 02:05:00","EDT","MILLWD",61759,284.5507
"07/27/2025 02:05:00","EDT","N.Y.C.",61761,5959.0283
"07/27/2025 02:05:00","EDT","NORTH",61755,554.5403
"07/27/2025 02:05:00","EDT","WEST",61752,1949.7373
"07/27/2025 02:10:00","EDT","CAPITL",61757,1392.2483
"07/27/2025 02:10:00","EDT","CENTRL",61754,1765.1613
"07/27/2025 02:10:00","EDT","DUNWOD",61760,679.5936
"07/27/2025 02:10:00","EDT","GENESE",61753,1228.6339
"07/27/2025 02:10:00","EDT","HUD VL",61758,1125.2172
"07/27/2025 02:10:00","EDT","LONGIL",61762,2364.8396
"07/27/2025 02:10:00","EDT","MHK VL",61756,880.2476
"07/27/2025 02:10:00","EDT","MILLWD",61759,293.6521
"07/27/2025 02:10:00","EDT","N.Y.C.",61761,5972.6934
"07/27/2025 02:10:00","EDT","NORTH",61755,564.1107
"07/27/2025 02:10:00","EDT","WEST",61752,1945.6042
"07/27/2025 02:15:00","EDT","CAPITL",61757,1383.449
"07/27/2025 02:15:00","EDT","CENTRL",61754,1812.619
"07/27/2025 02:15:00","EDT","DUNWOD",61760,683.1863
"07/27/2025 02:15:00","EDT","GENESE",61753,1223.4365
"07/27/2025 02:15:00","EDT","HUD VL",61758,1134.3267
"07/27/2025 02:15:00","EDT","LONGIL",61762,2373.357
"07/27/2025 02:15:00","EDT","MHK VL",61756,882.4463
"07/27/2025 02:15:00","EDT","MILLWD",61759,278.9651
"07/27/2025 02:15:00","EDT","N.Y.C.",61761,5953.411
"07/27/2025 02:15:00","EDT","NORTH",61755,558.9077
"07/27/2025 02:15:00","EDT","WEST",61752,1945.5358
"07/27/2025 02:20:00","EDT","CAPITL",61757,1364.0554
"07/27/2025 02:20:00","EDT","CENTRL",61754,1804.719
"07/27/2025 02:20:00","EDT","DUNWOD",61760,673.9214
"07/27/2025 02:20:00","EDT","GENESE",61753,1219.5747
"07/27/2025 02:20:00","EDT","HUD VL",61758,1115.7642
"07/27/2025 02:20:00","EDT","LONGIL",61762,2361.5244
"07/27/2025 02:20:00","EDT","MHK VL",61756,898.4362
"07/27/2025 02:20:00","EDT","MILLWD",61759,288.1181
"07/27/2025 02:20:00","EDT","N.Y.C.",61761,5955.348
"07/27/2025 02:20:00","EDT","NORTH",61755,547.2179
"07/27/2025 02:20:00","EDT","WEST",61752,1949.6104
"07/27/2025 02:25:00","EDT","CAPITL",61757,1377.8903
"07/27/2025 02:25:00","EDT","CENTRL",61754,1789.8475
"07/27/2025 02:25:00","EDT","DUNWOD",61760,673.233
"07/27/2025 02:25:00","EDT","GENESE",61753,1219.7231
"07/27/2025 02:25:00","EDT","HUD VL",61758,1116.7827
"07/27/2025 02:25:00","EDT","LONGIL",61762,2361.9282
"07/27/2025 02:25:00","EDT","MHK VL",61756,881.4473
"07/27/2025 02:25:00","EDT","MILLWD",61759,289.1045
"07/27/2025 02:25:00","EDT","N.Y.C.",61761,5924.5615
"07/27/2025 02:25:00","EDT","NORTH",61755,563.7913
"07/27/2025 02:25:00","EDT","WEST",61752,1947.0028
"07/27/2025 02:30:00","EDT","CAPITL",61757,1373.4751
"07/27/2025 02:30:00","EDT","CENTRL",61754,1794.5476
"07/27/2025 02:30:00","EDT","DUNWOD",61760,668.6721
"07/27/2025 02:30:00","EDT","GENESE",61753,1213.1089
"07/27/2025 02:30:00","EDT","HUD VL",61758,1122.4443
"07/27/2025 02:30:00","EDT","LONGIL",61762,2351.0342
"07/27/2025 02:30:00","EDT","MHK VL",61756,879.0267
"07/27/2025 02:30:00","EDT","MILLWD",61759,293.6508
"07/27/2025 02:30:00","EDT","N.Y.C.",61761,5921.974
"07/27/2025 02:30:00","EDT","NORTH",61755,554.4268
"07/27/2025 02:30:00","EDT","WEST",61752,1917.4246
"07/27/2025 02:35:00","EDT","CAPITL",61757,1368.944
"07/27/2025 02:35:00","EDT","CENTRL",61754,1812.6154
"07/27/2025 02:35:00","EDT","DUNWOD",61760,672.5815
"07/27/2025 02:35:00","EDT","GENESE",61753,1215.4355
"07/27/2025 02:35:00","EDT","HUD VL",61758,1089.0293
"07/27/2025 02:35:00","EDT","LONGIL",61762,2338.016
"07/27/2025 02:35:00","EDT","MHK VL",61756,876.2939
"07/27/2025 02:35:00","EDT","MILLWD",61759,282.884
"07/27/2025 02:35:00","EDT","N.Y.C.",61761,5895.587
"07/27/2025 02:35:00","EDT","NORTH",61755,572.9957
"07/27/2025 02:35:00","EDT","WEST",61752,1921.2031
"07/27/2025 02:40:00","EDT","CAPITL",61757,1362.3186
"07/27/2025 02:40:00","EDT","CENTRL",61754,1781.2576
"07/27/2025 02:40:00","EDT","DUNWOD",61760,673.0269
"07/27/2025 02:40:00","EDT","GENESE",61753,1211.3169
"07/27/2025 02:40:00","EDT","HUD VL",61758,1128.229
"07/27/2025 02:40:00","EDT","LONGIL",61762,2328.6045
"07/27/2025 02:40:00","EDT","MHK VL",61756,873.181
"07/27/2025 02:40:00","EDT","MILLWD",61759,280.2596
"07/27/2025 02:40:00","EDT","N.Y.C.",61761,5885.976
"07/27/2025 02:40:00","EDT","NORTH",61755,571.5955
"07/27/2025 02:40:00","EDT","WEST",61752,1932.9105
"07/27/2025 02:45:00","EDT","CAPITL",61757,1355.9473
"07/27/2025 02:45:00","EDT","CENTRL",61754,1755.2848
"07/27/2025 02:45:00","EDT","DUNWOD",61760,670.4769
"07/27/2025 02:45:00","EDT","GENESE",61753,1206.654
"07/27/2025 02:45:00","EDT","HUD VL",61758,1118.6943
"07/27/2025 02:45:00","EDT","LONGIL",61762,2329.198
"07/27/2025 02:45:00","EDT","MHK VL",61756,889.9847
"07/27/2025 02:45:00","EDT","MILLWD",61759,265.1489
"07/27/2025 02:45:00","EDT","N.Y.C.",61761,5873.7437
"07/27/2025 02:45:00","EDT","NORTH",61755,541.3798
"07/27/2025 02:45:00","EDT","WEST",61752,1920.1533
"07/27/2025 02:50:00","EDT","CAPITL",61757,1353.0132
"07/27/2025 02:50:00","EDT","CENTRL",61754,1795.834
"07/27/2025 02:50:00","EDT","DUNWOD",61760,664.2155
"07/27/2025 02:50:00","EDT","GENESE",61753,1205.0249
"07/27/2025 02:50:00","EDT","HUD VL",61758,1098.6895
"07/27/2025 02:50:00","EDT","LONGIL",61762,2306.0352
"07/27/2025 02:50:00","EDT","MHK VL",61756,855.0167
"07/27/2025 02:50:00","EDT","MILLWD",61759,280.7386
"07/27/2025 02:50:00","EDT","N.Y.C.",61761,5865.239
"07/27/2025 02:50:00","EDT","NORTH",61755,573.8937
"07/27/2025 02:50:00","EDT","WEST",61752,1912.9656
"07/27/2025 02:55:00","EDT","CAPITL",61757,1375.6147
"07/27/2025 02:55:00","EDT","CENTRL",61754,1783.0521
"07/27/2025 02:55:00","EDT","DUNWOD",61760,666.9403
"07/27/2025 02:55:00","EDT","GENESE",61753,1202.4388
"07/27/2025 02:55:00","EDT","HUD VL",61758,1086.7778
"07/27/2025 02:55:00","EDT","LONGIL",61762,2297.1335
"07/27/2025 02:55:00","EDT","MHK VL",61756,877.156
"07/27/2025 02:55:00","EDT","MILLWD",61759,278.7902
"07/27/2025 02:55:00","EDT","N.Y.C.",61761,5845.378
"07/27/2025 02:55:00","EDT","NORTH",61755,553.3027
"07/27/2025 02:55:00","EDT","WEST",61752,1918.2509
"07/27/2025 03:00:00","EDT","CAPITL",61757,1375.3843
"07/27/2025 03:00:00","EDT","CENTRL",61754,1760.4174
"07/27/2025 03:00:00","EDT","DUNWOD",61760,670.7358
"07/27/2025 03:00:00","EDT","GENESE",61753,1192.2622
"07/27/2025 03:00:00","EDT","HUD VL",61758,1073.4302
"07/27/2025 03:00:00","EDT","LONGIL",61762,2285.6658
"07/27/2025 03:00:00","EDT","MHK VL",61756,870.2832
"07/27/2025 03:00:00","EDT","MILLWD",61759,269.267
"07/27/2025 03:00:00","EDT","N.Y.C.",61761,5821.3105
"07/27/2025 03:00:00","EDT","NORTH",61755,568.0992
"07/27/2025 03:00:00","EDT","WEST",61752,1914.7358
"07/27/2025 03:05:00","EDT","CAPITL",61757,1380.5527
"07/27/2025 03:05:00","EDT","CENTRL",61754,1730.3448
"07/27/2025 03:05:00","EDT","DUNWOD",61760,670.9707
"07/27/2025 03:05:00","EDT","GENESE",61753,1195.6182
"07/27/2025 03:05:00","EDT","HUD VL",61758,1075.7695
"07/27/2025 03:05:00","EDT","LONGIL",61762,2276.2656
"07/27/2025 03:05:00","EDT","MHK VL",61756,864.3519
"07/27/2025 03:05:00","EDT","MILLWD",61759,254.5526
"07/27/2025 03:05:00","EDT","N.Y.C.",61761,5804.6104
"07/27/2025 03:05:00","EDT","NORTH",61755,551.458
"07/27/2025 03:05:00","EDT","WEST",61752,1911.984
"07/27/2025 03:10:00","EDT","CAPITL",61757,1362.4296
"07/27/2025 03:10:00","EDT","CENTRL",61754,1765.2942
"07/27/2025 03:10:00","EDT","DUNWOD",61760,648.9878
"07/27/2025 03:10:00","EDT","GENESE",61753,1193.0656
"07/27/2025 03:10:00","EDT","HUD VL",61758,1084.1669
"07/27/2025 03:10:00","EDT","LONGIL",61762,2284.8306
"07/27/2025 03:10:00","EDT","MHK VL",61756,862.8004
"07/27/2025 03:10:00","EDT","MILLWD",61759,280.8703
"07/27/2025 03:10:00","EDT","N.Y.C.",61761,5829.7334
"07/27/2025 03:10:00","EDT","NORTH",61755,548.7378
"07/27/2025 03:10:00","EDT","WEST",61752,1884.8958
"07/27/2025 03:15:00","EDT","CAPITL",61757,1364.7234
"07/27/2025 03:15:00","EDT","CENTRL",61754,1744.198
"07/27/2025 03:15:00","EDT","DUNWOD",61760,658.9633
"07/27/2025 03:15:00","EDT","GENESE",61753,1180.0933
"07/27/2025 03:15:00","EDT","HUD VL",61758,1080.7253
"07/27/2025 03:15:00","EDT","LONGIL",61762,2279.2456
"07/27/2025 03:15:00","EDT","MHK VL",61756,885.6179
"07/27/2025 03:15:00","EDT","MILLWD",61759,263.1304
"07/27/2025 03:15:00","EDT","N.Y.C.",61761,5820.4736
"07/27/2025 03:15:00","EDT","NORTH",61755,534.8071
"07/27/2025 03:15:00","EDT","WEST",61752,1898.803
"07/27/2025 03:20:00","EDT","CAPITL",61757,1361.5387
"07/27/2025 03:20:00","EDT","CENTRL",61754,1747.0103
"07/27/2025 03:20:00","EDT","DUNWOD",61760,651.872
"07/27/2025 03:20:00","EDT","GENESE",61753,1187.553
"07/27/2025 03:20:00","EDT","HUD VL",61758,1080.4788
"07/27/2025 03:20:00","EDT","LONGIL",61762,2272.8684
"07/27/2025 03:20:00","EDT","MHK VL",61756,861.7882
"07/27/2025 03:20:00","EDT","MILLWD",61759,291.2867
"07/27/2025 03:20:00","EDT","N.Y.C.",61761,5804.8477
"07/27/2025 03:20:00","EDT","NORTH",61755,559.2947
"07/27/2025 03:20:00","EDT","WEST",61752,1900.2402
"07/27/2025 03:25:00","EDT","CAPITL",61757,1350.3124
"07/27/2025 03:25:00","EDT","CENTRL",61754,1746.449
"07/27/2025 03:25:00","EDT","DUNWOD",61760,656.6313
"07/27/2025 03:25:00","EDT","GENESE",61753,1179.4865
"07/27/2025 03:25:00","EDT","HUD VL",61758,1082.6644
"07/27/2025 03:25:00","EDT","LONGIL",61762,2278.4014
"07/27/2025 03:25:00","EDT","MHK VL",61756,857.9552
"07/27/2025 03:25:00","EDT","MILLWD",61759,274.9282
"07/27/2025 03:25:00","EDT","N.Y.C.",61761,5787.9365
"07/27/2025 03:25:00","EDT","NORTH",61755,556.0117
"07/27/2025 03:25:00","EDT","WEST",61752,1872.2905
"07/27/2025 03:30:00","EDT","CAPITL",61757,1346.7098
"07/27/2025 03:30:00","EDT","CENTRL",61754,1752.4304
"07/27/2025 03:30:00","EDT","DUNWOD",61760,658.0463
"07/27/2025 03:30:00","EDT","GENESE",61753,1176.3492
"07/27/2025 03:30:00","EDT","HUD VL",61758,1068.3901
"07/27/2025 03:30:00","EDT","LONGIL",61762,2264.0955
"07/27/2025 03:30:00","EDT","MHK VL",61756,834.7459
"07/27/2025 03:30:00","EDT","MILLWD",61759,273.4528
"07/27/2025 03:30:00","EDT","N.Y.C.",61761,5795.063
"07/27/2025 03:30:00","EDT","NORTH",61755,575.1504
"07/27/2025 03:30:00","EDT","WEST",61752,1897.9281
"07/27/2025 03:35:00","EDT","CAPITL",61757,1338.8198
"07/27/2025 03:35:00","EDT","CENTRL",61754,1692.2825
"07/27/2025 03:35:00","EDT","DUNWOD",61760,656.6679
"07/27/2025 03:35:00","EDT","GENESE",61753,1179.041
"07/27/2025 03:35:00","EDT","HUD VL",61758,1078.7665
"07/27/2025 03:35:00","EDT","LONGIL",61762,2259.8584
"07/27/2025 03:35:00","EDT","MHK VL",61756,858.7424
"07/27/2025 03:35:00","EDT","MILLWD",61759,260.6685
"07/27/2025 03:35:00","EDT","N.Y.C.",61761,5774.259
"07/27/2025 03:35:00","EDT","NORTH",61755,549.928
"07/27/2025 03:35:00","EDT","WEST",61752,1873.2578
"07/27/2025 03:40:00","EDT","CAPITL",61757,1341.305
"07/27/2025 03:40:00","EDT","CENTRL",61754,1694.6638
"07/27/2025 03:40:00","EDT","DUNWOD",61760,662.8181
"07/27/2025 03:40:00","EDT","GENESE",61753,1178.1245
"07/27/2025 03:40:00","EDT","HUD VL",61758,1074.4574
"07/27/2025 03:40:00","EDT","LONGIL",61762,2257.8552
"07/27/2025 03:40:00","EDT","MHK VL",61756,852.8339
"07/27/2025 03:40:00","EDT","MILLWD",61759,270.8615
"07/27/2025 03:40:00","EDT","N.Y.C.",61761,5768.7217
"07/27/2025 03:40:00","EDT","NORTH",61755,552.3641
"07/27/2025 03:40:00","EDT","WEST",61752,1889.1255
"07/27/2025 03:45:00","EDT","CAPITL",61757,1345.6611
"07/27/2025 03:45:00","EDT","CENTRL",61754,1736.6758
"07/27/2025 03:45:00","EDT","DUNWOD",61760,654.0619
"07/27/2025 03:45:00","EDT","GENESE",61753,1176.7166
"07/27/2025 03:45:00","EDT","HUD VL",61758,1084.4916
"07/27/2025 03:45:00","EDT","LONGIL",61762,2253.9915
"07/27/2025 03:45:00","EDT","MHK VL",61756,847.038
"07/27/2025 03:45:00","EDT","MILLWD",61759,272.76
"07/27/2025 03:45:00","EDT","N.Y.C.",61761,5762.907
"07/27/2025 03:45:00","EDT","NORTH",61755,555.1737
"07/27/2025 03:45:00","EDT","WEST",61752,1880.6631
"07/27/2025 03:50:00","EDT","CAPITL",61757,1342.5618
"07/27/2025 03:50:00","EDT","CENTRL",61754,1744.8096
"07/27/2025 03:50:00","EDT","DUNWOD",61760,642.2681
"07/27/2025 03:50:00","EDT","GENESE",61753,1169.36
"07/27/2025 03:50:00","EDT","HUD VL",61758,1085.781
"07/27/2025 03:50:00","EDT","LONGIL",61762,2263.4155
"07/27/2025 03:50:00","EDT","MHK VL",61756,838.8198
"07/27/2025 03:50:00","EDT","MILLWD",61759,269.7655
"07/27/2025 03:50:00","EDT","N.Y.C.",61761,5771.7124
"07/27/2025 03:50:00","EDT","NORTH",61755,556.1487
"07/27/2025 03:50:00","EDT","WEST",61752,1873.6545
"07/27/2025 03:55:00","EDT","CAPITL",61757,1337.0541
"07/27/2025 03:55:00","EDT","CENTRL",61754,1710.6631
"07/27/2025 03:55:00","EDT","DUNWOD",61760,651.3877
"07/27/2025 03:55:00","EDT","GENESE",61753,1166.7969
"07/27/2025 03:55:00","EDT","HUD VL",61758,1090.39
"07/27/2025 03:55:00","EDT","LONGIL",61762,2251.7979
"07/27/2025 03:55:00","EDT","MHK VL",61756,835.0184
"07/27/2025 03:55:00","EDT","MILLWD",61759,266.9795
"07/27/2025 03:55:00","EDT","N.Y.C.",61761,5750.6514
"07/27/2025 03:55:00","EDT","NORTH",61755,556.983
"07/27/2025 03:55:00","EDT","WEST",61752,1887.5137
"07/27/2025 04:00:00","EDT","CAPITL",61757,1337.1238
"07/27/2025 04:00:00","EDT","CENTRL",61754,1726.5725
"07/27/2025 04:00:00","EDT","DUNWOD",61760,643.5418
"07/27/2025 04:00:00","EDT","GENESE",61753,1165.233
"07/27/2025 04:00:00","EDT","HUD VL",61758,1059.9747
"07/27/2025 04:00:00","EDT","LONGIL",61762,2247.5518
"07/27/2025 04:00:00","EDT","MHK VL",61756,852.2966
"07/27/2025 04:00:00","EDT","MILLWD",61759,258.1618
"07/27/2025 04:00:00","EDT","N.Y.C.",61761,5761.218
"07/27/2025 04:00:00","EDT","NORTH",61755,555.7622
"07/27/2025 04:00:00","EDT","WEST",61752,1872.1913
"07/27/2025 04:05:00","EDT","CAPITL",61757,1334.0464
"07/27/2025 04:05:00","EDT","CENTRL",61754,1732.9006
"07/27/2025 04:05:00","EDT","DUNWOD",61760,647.9674
"07/27/2025 04:05:00","EDT","GENESE",61753,1167.357
"07/27/2025 04:05:00","EDT","HUD VL",61758,1059.4844
"07/27/2025 04:05:00","EDT","LONGIL",61762,2249.2705
"07/27/2025 04:05:00","EDT","MHK VL",61756,840.567
"07/27/2025 04:05:00","EDT","MILLWD",61759,260.9142
"07/27/2025 04:05:00","EDT","N.Y.C.",61761,5747.2715
"07/27/2025 04:05:00","EDT","NORTH",61755,570.7911
"07/27/2025 04:05:00","EDT","WEST",61752,1883.6482
"07/27/2025 04:10:00","EDT","CAPITL",61757,1350.3975
"07/27/2025 04:10:00","EDT","CENTRL",61754,1733.5181
"07/27/2025 04:10:00","EDT","DUNWOD",61760,641.7677
"07/27/2025 04:10:00","EDT","GENESE",61753,1165.8024
"07/27/2025 04:10:00","EDT","HUD VL",61758,1046.3164
"07/27/2025 04:10:00","EDT","LONGIL",61762,2246.0977
"07/27/2025 04:10:00","EDT","MHK VL",61756,848.2989
"07/27/2025 04:10:00","EDT","MILLWD",61759,262.7813
"07/27/2025 04:10:00","EDT","N.Y.C.",61761,5745.9307
"07/27/2025 04:10:00","EDT","NORTH",61755,545.9021
"07/27/2025 04:10:00","EDT","WEST",61752,1865.0321
"07/27/2025 04:15:00","EDT","CAPITL",61757,1352.355
"07/27/2025 04:15:00","EDT","CENTRL",61754,1735.0701
"07/27/2025 04:15:00","EDT","DUNWOD",61760,632.9065
"07/27/2025 04:15:00","EDT","GENESE",61753,1163.5502
"07/27/2025 04:15:00","EDT","HUD VL",61758,1068.4396
"07/27/2025 04:15:00","EDT","LONGIL",61762,2250.5303
"07/27/2025 04:15:00","EDT","MHK VL",61756,846.7339
"07/27/2025 04:15:00","EDT","MILLWD",61759,270.4519
"07/27/2025 04:15:00","EDT","N.Y.C.",61761,5746.419
"07/27/2025 04:15:00","EDT","NORTH",61755,555.4406
"07/27/2025 04:15:00","EDT","WEST",61752,1863.96
"07/27/2025 04:20:00","EDT","CAPITL",61757,1329.3035
"07/27/2025 04:20:00","EDT","CENTRL",61754,1749.8145
"07/27/2025 04:20:00","EDT","DUNWOD",61760,637.7816
"07/27/2025 04:20:00","EDT","GENESE",61753,1162.283
"07/27/2025 04:20:00","EDT","HUD VL",61758,1062.7205
"07/27/2025 04:20:00","EDT","LONGIL",61762,2239.8792
"07/27/2025 04:20:00","EDT","MHK VL",61756,835.7245
"07/27/2025 04:20:00","EDT","MILLWD",61759,269.8728
"07/27/2025 04:20:00","EDT","N.Y.C.",61761,5728.5923
"07/27/2025 04:20:00","EDT","NORTH",61755,548.7484
"07/27/2025 04:20:00","EDT","WEST",61752,1843.532
"07/27/2025 04:25:00","EDT","CAPITL",61757,1341.3099
"07/27/2025 04:25:00","EDT","CENTRL",61754,1730.781
"07/27/2025 04:25:00","EDT","DUNWOD",61760,634.1628
"07/27/2025 04:25:00","EDT","GENESE",61753,1162.8796
"07/27/2025 04:25:00","EDT","HUD VL",61758,1038.3127
"07/27/2025 04:25:00","EDT","LONGIL",61762,2254.8823
"07/27/2025 04:25:00","EDT","MHK VL",61756,835.6788
"07/27/2025 04:25:00","EDT","MILLWD",61759,279.1201
"07/27/2025 04:25:00","EDT","N.Y.C.",61761,5723.586
"07/27/2025 04:25:00","EDT","NORTH",61755,555.946
"07/27/2025 04:25:00","EDT","WEST",61752,1857.1152
"07/27/2025 04:30:00","EDT","CAPITL",61757,1327.3892
"07/27/2025 04:30:00","EDT","CENTRL",61754,1729.175
"07/27/2025 04:30:00","EDT","DUNWOD",61760,636.2413
"07/27/2025 04:30:00","EDT","GENESE",61753,1160.2106
"07/27/2025 04:30:00","EDT","HUD VL",61758,1064.7659
"07/27/2025 04:30:00","EDT","LONGIL",61762,2243.5205
"07/27/2025 04:30:00","EDT","MHK VL",61756,835.3278
"07/27/2025 04:30:00","EDT","MILLWD",61759,269.6949
"07/27/2025 04:30:00","EDT","N.Y.C.",61761,5702.714
"07/27/2025 04:30:00","EDT","NORTH",61755,553.1206
"07/27/2025 04:30:00","EDT","WEST",61752,1843.4906
"07/27/2025 04:35:00","EDT","CAPITL",61757,1339.7234
"07/27/2025 04:35:00","EDT","CENTRL",61754,1687.4365
"07/27/2025 04:35:00","EDT","DUNWOD",61760,640.2457
"07/27/2025 04:35:00","EDT","GENESE",61753,1155.3297
"07/27/2025 04:35:00","EDT","HUD VL",61758,1063.44
"07/27/2025 04:35:00","EDT","LONGIL",61762,2239.8289
"07/27/2025 04:35:00","EDT","MHK VL",61756,845.8748
"07/27/2025 04:35:00","EDT","MILLWD",61759,260.1705
"07/27/2025 04:35:00","EDT","N.Y.C.",61761,5698.7725
"07/27/2025 04:35:00","EDT","NORTH",61755,549.9044
"07/27/2025 04:35:00","EDT","WEST",61752,1840.9104
"07/27/2025 04:40:00","EDT","CAPITL",61757,1332.0876
"07/27/2025 04:40:00","EDT","CENTRL",61754,1724.8079
"07/27/2025 04:40:00","EDT","DUNWOD",61760,643.0818
"07/27/2025 04:40:00","EDT","GENESE",61753,1153.0542
"07/27/2025 04:40:00","EDT","HUD VL",61758,1089.7798
"07/27/2025 04:40:00","EDT","LONGIL",61762,2235.7495
"07/27/2025 04:40:00","EDT","MHK VL",61756,826.8932
"07/27/2025 04:40:00","EDT","MILLWD",61759,254.0787
"07/27/2025 04:40:00","EDT","N.Y.C.",61761,5705.7817
"07/27/2025 04:40:00","EDT","NORTH",61755,561.7195
"07/27/2025 04:40:00","EDT","WEST",61752,1853.3285
"07/27/2025 04:45:00","EDT","CAPITL",61757,1326.1025
"07/27/2025 04:45:00","EDT","CENTRL",61754,1717.2
"07/27/2025 04:45:00","EDT","DUNWOD",61760,634.2426
"07/27/2025 04:45:00","EDT","GENESE",61753,1154.0562
"07/27/2025 04:45:00","EDT","HUD VL",61758,1057.9691
"07/27/2025 04:45:00","EDT","LONGIL",61762,2238.7908
"07/27/2025 04:45:00","EDT","MHK VL",61756,841.1021
"07/27/2025 04:45:00","EDT","MILLWD",61759,264.5927
"07/27/2025 04:45:00","EDT","N.Y.C.",61761,5708.7227
"07/27/2025 04:45:00","EDT","NORTH",61755,553.9422
"07/27/2025 04:45:00","EDT","WEST",61752,1851.2642
"07/27/2025 04:50:00","EDT","CAPITL",61757,1324.2571
"07/27/2025 04:50:00","EDT","CENTRL",61754,1720.1326
"07/27/2025 04:50:00","EDT","DUNWOD",61760,646.6398
"07/27/2025 04:50:00","EDT","GENESE",61753,1156.7982
"07/27/2025 04:50:00","EDT","HUD VL",61758,1047.2316
"07/27/2025 04:50:00","EDT","LONGIL",61762,2229.0024
"07/27/2025 04:50:00","EDT","MHK VL",61756,837.9289
"07/27/2025 04:50:00","EDT","MILLWD",61759,257.809
"07/27/2025 04:50:00","EDT","N.Y.C.",61761,5693.4883
"07/27/2025 04:50:00","EDT","NORTH",61755,551.3322
"07/27/2025 04:50:00","EDT","WEST",61752,1833.0259
"07/27/2025 04:55:00","EDT","CAPITL",61757,1316.2463
"07/27/2025 04:55:00","EDT","CENTRL",61754,1718.6167
"07/27/2025 04:55:00","EDT","DUNWOD",61760,643.8153
"07/27/2025 04:55:00","EDT","GENESE",61753,1151.7174
"07/27/2025 04:55:00","EDT","HUD VL",61758,1065.8251
"07/27/2025 04:55:00","EDT","LONGIL",61762,2225.44
"07/27/2025 04:55:00","EDT","MHK VL",61756,825.4076
"07/27/2025 04:55:00","EDT","MILLWD",61759,255.2191
"07/27/2025 04:55:00","EDT","N.Y.C.",61761,5703.5176
"07/27/2025 04:55:00","EDT","NORTH",61755,562.2234
"07/27/2025 04:55:00","EDT","WEST",61752,1856.2476
"07/27/2025 05:00:00","EDT","CAPITL",61757,1325.264
"07/27/2025 05:00:00","EDT","CENTRL",61754,1731.1809
"07/27/2025 05:00:00","EDT","DUNWOD",61760,653.6119
"07/27/2025 05:00:00","EDT","GENESE",61753,1146.9312
"07/27/2025 05:00:00","EDT","HUD VL",61758,1058.9106
"07/27/2025 05:00:00","EDT","LONGIL",61762,2216.5042
"07/27/2025 05:00:00","EDT","MHK VL",61756,821.892
"07/27/2025 05:00:00","EDT","MILLWD",61759,241.687
"07/27/2025 05:00:00","EDT","N.Y.C.",61761,5688.791
"07/27/2025 05:00:00","EDT","NORTH",61755,559.4406
"07/27/2025 05:00:00","EDT","WEST",61752,1824.5532
"07/27/2025 05:05:00","EDT","CAPITL",61757,1314.3348
"07/27/2025 05:05:00","EDT","CENTRL",61754,1713.7039
"07/27/2025 05:05:00","EDT","DUNWOD",61760,627.9799
"07/27/2025 05:05:00","EDT","GENESE",61753,1154.4951
"07/27/2025 05:05:00","EDT","HUD VL",61758,1045.0045
"07/27/2025 05:05:00","EDT","LONGIL",61762,2225.6816
"07/27/2025 05:05:00","EDT","MHK VL",61756,855.4088
"07/27/2025 05:05:00","EDT","MILLWD",61759,268.7292
"07/27/2025 05:05:00","EDT","N.Y.C.",61761,5692.162
"07/27/2025 05:05:00","EDT","NORTH",61755,533.2971
"07/27/2025 05:05:00","EDT","WEST",61752,1820.4705
"07/27/2025 05:10:00","EDT","CAPITL",61757,1330.2023
"07/27/2025 05:10:00","EDT","CENTRL",61754,1731.7078
"07/27/2025 05:10:00","EDT","DUNWOD",61760,639.2941
"07/27/2025 05:10:00","EDT","GENESE",61753,1152.6018
"07/27/2025 05:10:00","EDT","HUD VL",61758,1041.6432
"07/27/2025 05:10:00","EDT","LONGIL",61762,2230.954
"07/27/2025 05:10:00","EDT","MHK VL",61756,827.7877
"07/27/2025 05:10:00","EDT","MILLWD",61759,257.8358
"07/27/2025 05:10:00","EDT","N.Y.C.",61761,5693.7197
"07/27/2025 05:10:00","EDT","NORTH",61755,560.8431
"07/27/2025 05:10:00","EDT","WEST",61752,1850.0348
"07/27/2025 05:15:00","EDT","CAPITL",61757,1313.5582
"07/27/2025 05:15:00","EDT","CENTRL",61754,1721.0334
"07/27/2025 05:15:00","EDT","DUNWOD",61760,640.9347
"07/27/2025 05:15:00","EDT","GENESE",61753,1156.3069
"07/27/2025 05:15:00","EDT","HUD VL",61758,1045.6497
"07/27/2025 05:15:00","EDT","LONGIL",61762,2244.373
"07/27/2025 05:15:00","EDT","MHK VL",61756,864.1722
"07/27/2025 05:15:00","EDT","MILLWD",61759,253.6027
"07/27/2025 05:15:00","EDT","N.Y.C.",61761,5674.624
"07/27/2025 05:15:00","EDT","NORTH",61755,524.5269
"07/27/2025 05:15:00","EDT","WEST",61752,1839.7565
"07/27/2025 05:20:00","EDT","CAPITL",61757,1311.0789
"07/27/2025 05:20:00","EDT","CENTRL",61754,1698.1526
"07/27/2025 05:20:00","EDT","DUNWOD",61760,637.5791
"07/27/2025 05:20:00","EDT","GENESE",61753,1146.5972
"07/27/2025 05:20:00","EDT","HUD VL",61758,1052.1536
"07/27/2025 05:20:00","EDT","LONGIL",61762,2241.3835
"07/27/2025 05:20:00","EDT","MHK VL",61756,831.5834
"07/27/2025 05:20:00","EDT","MILLWD",61759,257.2202
"07/27/2025 05:20:00","EDT","N.Y.C.",61761,5691.9326
"07/27/2025 05:20:00","EDT","NORTH",61755,562.2436
"07/27/2025 05:20:00","EDT","WEST",61752,1825.74
"07/27/2025 05:25:00","EDT","CAPITL",61757,1310.4574
"07/27/2025 05:25:00","EDT","CENTRL",61754,1702.7637
"07/27/2025 05:25:00","EDT","DUNWOD",61760,641.2644
"07/27/2025 05:25:00","EDT","GENESE",61753,1152.2155
"07/27/2025 05:25:00","EDT","HUD VL",61758,1041.9717
"07/27/2025 05:25:00","EDT","LONGIL",61762,2245.4126
"07/27/2025 05:25:00","EDT","MHK VL",61756,846.2453
"07/27/2025 05:25:00","EDT","MILLWD",61759,252.8475
"07/27/2025 05:25:00","EDT","N.Y.C.",61761,5676.367
"07/27/2025 05:25:00","EDT","NORTH",61755,538.9365
"07/27/2025 05:25:00","EDT","WEST",61752,1834.5098
"07/27/2025 05:30:00","EDT","CAPITL",61757,1318.0466
"07/27/2025 05:30:00","EDT","CENTRL",61754,1689.6553
"07/27/2025 05:30:00","EDT","DUNWOD",61760,638.6885
"07/27/2025 05:30:00","EDT","GENESE",61753,1149.9747
"07/27/2025 05:30:00","EDT","HUD VL",61758,1049.1344
"07/27/2025 05:30:00","EDT","LONGIL",61762,2237.5361
"07/27/2025 05:30:00","EDT","MHK VL",61756,812.1245
"07/27/2025 05:30:00","EDT","MILLWD",61759,257.0526
"07/27/2025 05:30:00","EDT","N.Y.C.",61761,5692.6406
"07/27/2025 05:30:00","EDT","NORTH",61755,572.4935
"07/27/2025 05:30:00","EDT","WEST",61752,1845.334
"07/27/2025 05:35:00","EDT","CAPITL",61757,1321.2854
"07/27/2025 05:35:00","EDT","CENTRL",61754,1685.7754
"07/27/2025 05:35:00","EDT","DUNWOD",61760,640.6622
"07/27/2025 05:35:00","EDT","GENESE",61753,1153.8865
"07/27/2025 05:35:00","EDT","HUD VL",61758,1032.2834
"07/27/2025 05:35:00","EDT","LONGIL",61762,2228.3809
"07/27/2025 05:35:00","EDT","MHK VL",61756,837.6267
"07/27/2025 05:35:00","EDT","MILLWD",61759,249.1166
"07/27/2025 05:35:00","EDT","N.Y.C.",61761,5682.6104
"07/27/2025 05:35:00","EDT","NORTH",61755,554.0331
"07/27/2025 05:35:00","EDT","WEST",61752,1842.8032
"07/27/2025 05:40:00","EDT","CAPITL",61757,1318.4374
"07/27/2025 05:40:00","EDT","CENTRL",61754,1690.9197
"07/27/2025 05:40:00","EDT","DUNWOD",61760,635.7587
"07/27/2025 05:40:00","EDT","GENESE",61753,1153.8007
"07/27/2025 05:40:00","EDT","HUD VL",61758,1038.3513
"07/27/2025 05:40:00","EDT","LONGIL",61762,2224.1392
"07/27/2025 05:40:00","EDT","MHK VL",61756,834.7365
"07/27/2025 05:40:00","EDT","MILLWD",61759,259.2305
"07/27/2025 05:40:00","EDT","N.Y.C.",61761,5703.656
"07/27/2025 05:40:00","EDT","NORTH",61755,559.231
"07/27/2025 05:40:00","EDT","WEST",61752,1833.6804
"07/27/2025 05:45:00","EDT","CAPITL",61757,1307.577
"07/27/2025 05:45:00","EDT","CENTRL",61754,1691.7778
"07/27/2025 05:45:00","EDT","DUNWOD",61760,641.9039
"07/27/2025 05:45:00","EDT","GENESE",61753,1145.7861
"07/27/2025 05:45:00","EDT","HUD VL",61758,1042.5696
"07/27/2025 05:45:00","EDT","LONGIL",61762,2226.5747
"07/27/2025 05:45:00","EDT","MHK VL",61756,841.286
"07/27/2025 05:45:00","EDT","MILLWD",61759,253.4109
"07/27/2025 05:45:00","EDT","N.Y.C.",61761,5676.5957
"07/27/2025 05:45:00","EDT","NORTH",61755,552.2654
"07/27/2025 05:45:00","EDT","WEST",61752,1847.9744
"07/27/2025 05:50:00","EDT","CAPITL",61757,1316.1815
"07/27/2025 05:50:00","EDT","CENTRL",61754,1689.6011
"07/27/2025 05:50:00","EDT","DUNWOD",61760,631.4415
"07/27/2025 05:50:00","EDT","GENESE",61753,1149.1423
"07/27/2025 05:50:00","EDT","HUD VL",61758,1048.5325
"07/27/2025 05:50:00","EDT","LONGIL",61762,2233.4646
"07/27/2025 05:50:00","EDT","MHK VL",61756,845.6389
"07/27/2025 05:50:00","EDT","MILLWD",61759,262.1859
"07/27/2025 05:50:00","EDT","N.Y.C.",61761,5696.08
"07/27/2025 05:50:00","EDT","NORTH",61755,556.2866
"07/27/2025 05:50:00","EDT","WEST",61752,1868.5002
"07/27/2025 05:55:00","EDT","CAPITL",61757,1326.667
"07/27/2025 05:55:00","EDT","CENTRL",61754,1726.8972
"07/27/2025 05:55:00","EDT","DUNWOD",61760,622.3738
"07/27/2025 05:55:00","EDT","GENESE",61753,1148.6638
"07/27/2025 05:55:00","EDT","HUD VL",61758,1047.3994
"07/27/2025 05:55:00","EDT","LONGIL",61762,2232.8618
"07/27/2025 05:55:00","EDT","MHK VL",61756,836.2242
"07/27/2025 05:55:00","EDT","MILLWD",61759,270.559
"07/27/2025 05:55:00","EDT","N.Y.C.",61761,5680.168
"07/27/2025 05:55:00","EDT","NORTH",61755,567.954
"07/27/2025 05:55:00","EDT","WEST",61752,1846.813
"07/27/2025 06:00:00","EDT","CAPITL",61757,1316.6787
"07/27/2025 06:00:00","EDT","CENTRL",61754,1725.1208
"07/27/2025 06:00:00","EDT","DUNWOD",61760,631.4697
"07/27/2025 06:00:00","EDT","GENESE",61753,1146.1409
"07/27/2025 06:00:00","EDT","HUD VL",61758,1036.8403
"07/27/2025 06:00:00","EDT","LONGIL",61762,2223.5693
"07/27/2025 06:00:00","EDT","MHK VL",61756,840.9382
"07/27/2025 06:00:00","EDT","MILLWD",61759,261.5304
"07/27/2025 06:00:00","EDT","N.Y.C.",61761,5664.3994
"07/27/2025 06:00:00","EDT","NORTH",61755,558.5059
"07/27/2025 06:00:00","EDT","WEST",61752,1835.6082
"07/27/2025 06:05:00","EDT","CAPITL",61757,1309.7274
"07/27/2025 06:05:00","EDT","CENTRL",61754,1726.6321
"07/27/2025 06:05:00","EDT","DUNWOD",61760,637.7427
"07/27/2025 06:05:00","EDT","GENESE",61753,1148.52
"07/27/2025 06:05:00","EDT","HUD VL",61758,1040.8531
"07/27/2025 06:05:00","EDT","LONGIL",61762,2228.1912
"07/27/2025 06:05:00","EDT","MHK VL",61756,853.3144
"07/27/2025 06:05:00","EDT","MILLWD",61759,250.2639
"07/27/2025 06:05:00","EDT","N.Y.C.",61761,5678.625
"07/27/2025 06:05:00","EDT","NORTH",61755,563.822
"07/27/2025 06:05:00","EDT","WEST",61752,1829.9067
"07/27/2025 06:10:00","EDT","CAPITL",61757,1307.6316
"07/27/2025 06:10:00","EDT","CENTRL",61754,1751.2983
"07/27/2025 06:10:00","EDT","DUNWOD",61760,662.2275
"07/27/2025 06:10:00","EDT","GENESE",61753,1150.939
"07/27/2025 06:10:00","EDT","HUD VL",61758,1020.4063
"07/27/2025 06:10:00","EDT","LONGIL",61762,2247.4963
"07/27/2025 06:10:00","EDT","MHK VL",61756,830.3524
"07/27/2025 06:10:00","EDT","MILLWD",61759,226.3373
"07/27/2025 06:10:00","EDT","N.Y.C.",61761,5657.243
"07/27/2025 06:10:00","EDT","NORTH",61755,578.96
"07/27/2025 06:10:00","EDT","WEST",61752,1818.0463
"07/27/2025 06:15:00","EDT","CAPITL",61757,1332.2345
"07/27/2025 06:15:00","EDT","CENTRL",61754,1747.541
"07/27/2025 06:15:00","EDT","DUNWOD",61760,631.9418
"07/27/2025 06:15:00","EDT","GENESE",61753,1152.9631
"07/27/2025 06:15:00","EDT","HUD VL",61758,1033.0607
"07/27/2025 06:15:00","EDT","LONGIL",61762,2236.469
"07/27/2025 06:15:00","EDT","MHK VL",61756,867.5097
"07/27/2025 06:15:00","EDT","MILLWD",61759,256.5892
"07/27/2025 06:15:00","EDT","N.Y.C.",61761,5690.0127
"07/27/2025 06:15:00","EDT","NORTH",61755,553.461
"07/27/2025 06:15:00","EDT","WEST",61752,1838.6714
"07/27/2025 06:20:00","EDT","CAPITL",61757,1308.638
"07/27/2025 06:20:00","EDT","CENTRL",61754,1754.7292
"07/27/2025 06:20:00","EDT","DUNWOD",61760,633.3849
"07/27/2025 06:20:00","EDT","GENESE",61753,1146.8547
"07/27/2025 06:20:00","EDT","HUD VL",61758,1041.1212
"07/27/2025 06:20:00","EDT","LONGIL",61762,2238.7173
"07/27/2025 06:20:00","EDT","MHK VL",61756,849.3687
"07/27/2025 06:20:00","EDT","MILLWD",61759,253.8174
"07/27/2025 06:20:00","EDT","N.Y.C.",61761,5676.8213
"07/27/2025 06:20:00","EDT","NORTH",61755,563.2002
"07/27/2025 06:20:00","EDT","WEST",61752,1861.5735
"07/27/2025 06:25:00","EDT","CAPITL",61757,1310.8734
"07/27/2025 06:25:00","EDT","CENTRL",61754,1752.1389
"07/27/2025 06:25:00","EDT","DUNWOD",61760,638.012
"07/27/2025 06:25:00","EDT","GENESE",61753,1148.8489
"07/27/2025 06:25:00","EDT","HUD VL",61758,1077.4344
"07/27/2025 06:25:00","EDT","LONGIL",61762,2221.985
"07/27/2025 06:25:00","EDT","MHK VL",61756,840.9403
"07/27/2025 06:25:00","EDT","MILLWD",61759,252.3465
"07/27/2025 06:25:00","EDT","N.Y.C.",61761,5698.5386
"07/27/2025 06:25:00","EDT","NORTH",61755,567.6403
"07/27/2025 06:25:00","EDT","WEST",61752,1815.6067
"07/27/2025 06:30:00","EDT","CAPITL",61757,1309.5664
"07/27/2025 06:30:00","EDT","CENTRL",61754,1763.3723
"07/27/2025 06:30:00","EDT","DUNWOD",61760,634.1983
"07/27/2025 06:30:00","EDT","GENESE",61753,1139.7013
"07/27/2025 06:30:00","EDT","HUD VL",61758,1041.822
"07/27/2025 06:30:00","EDT","LONGIL",61762,2234.0117
"07/27/2025 06:30:00","EDT","MHK VL",61756,851.6085
"07/27/2025 06:30:00","EDT","MILLWD",61759,254.2605
"07/27/2025 06:30:00","EDT","N.Y.C.",61761,5709.5996
"07/27/2025 06:30:00","EDT","NORTH",61755,569.9447
"07/27/2025 06:30:00","EDT","WEST",61752,1826.2583
"07/27/2025 06:35:00","EDT","CAPITL",61757,1323.8326
"07/27/2025 06:35:00","EDT","CENTRL",61754,1761.3477
"07/27/2025 06:35:00","EDT","DUNWOD",61760,629.1581
"07/27/2025 06:35:00","EDT","GENESE",61753,1138.6936
"07/27/2025 06:35:00","EDT","HUD VL",61758,1015.5955
"07/27/2025 06:35:00","EDT","LONGIL",61762,2243.2178
"07/27/2025 06:35:00","EDT","MHK VL",61756,839.6132
"07/27/2025 06:35:00","EDT","MILLWD",61759,267.6
"07/27/2025 06:35:00","EDT","N.Y.C.",61761,5703.8994
"07/27/2025 06:35:00","EDT","NORTH",61755,575.0169
"07/27/2025 06:35:00","EDT","WEST",61752,1804.7051
"07/27/2025 06:40:00","EDT","CAPITL",61757,1309.6012
"07/27/2025 06:40:00","EDT","CENTRL",61754,1746.7834
"07/27/2025 06:40:00","EDT","DUNWOD",61760,653.3607
"07/27/2025 06:40:00","EDT","GENESE",61753,1136.7397
"07/27/2025 06:40:00","EDT","HUD VL",61758,1040.7986
"07/27/2025 06:40:00","EDT","LONGIL",61762,2232.8198
"07/27/2025 06:40:00","EDT","MHK VL",61756,844.5623
"07/27/2025 06:40:00","EDT","MILLWD",61759,250.9985
"07/27/2025 06:40:00","EDT","N.Y.C.",61761,5695.516
"07/27/2025 06:40:00","EDT","NORTH",61755,563.6549
"07/27/2025 06:40:00","EDT","WEST",61752,1838.6718
"07/27/2025 06:45:00","EDT","CAPITL",61757,1318.6364
"07/27/2025 06:45:00","EDT","CENTRL",61754,1719.9957
"07/27/2025 06:45:00","EDT","DUNWOD",61760,647.9971
"07/27/2025 06:45:00","EDT","GENESE",61753,1148.8245
"07/27/2025 06:45:00","EDT","HUD VL",61758,1030.8564
"07/27/2025 06:45:00","EDT","LONGIL",61762,2233.0713
"07/27/2025 06:45:00","EDT","MHK VL",61756,860.6854
"07/27/2025 06:45:00","EDT","MILLWD",61759,250.091
"07/27/2025 06:45:00","EDT","N.Y.C.",61761,5692.6123
"07/27/2025 06:45:00","EDT","NORTH",61755,551.8905
"07/27/2025 06:45:00","EDT","WEST",61752,1808.3672
"07/27/2025 06:50:00","EDT","CAPITL",61757,1314.042
"07/27/2025 06:50:00","EDT","CENTRL",61754,1717.0664
"07/27/2025 06:50:00","EDT","DUNWOD",61760,638.2059
"07/27/2025 06:50:00","EDT","GENESE",61753,1145.6255
"07/27/2025 06:50:00","EDT","HUD VL",61758,1053.5376
"07/27/2025 06:50:00","EDT","LONGIL",61762,2234.6367
"07/27/2025 06:50:00","EDT","MHK VL",61756,870.5366
"07/27/2025 06:50:00","EDT","MILLWD",61759,248.3991
"07/27/2025 06:50:00","EDT","N.Y.C.",61761,5708.036
"07/27/2025 06:50:00","EDT","NORTH",61755,553.28
"07/27/2025 06:50:00","EDT","WEST",61752,1834.5298
"07/27/2025 06:55:00","EDT","CAPITL",61757,1311.2072
"07/27/2025 06:55:00","EDT","CENTRL",61754,1752.2762
"07/27/2025 06:55:00","EDT","DUNWOD",61760,640.0521
"07/27/2025 06:55:00","EDT","GENESE",61753,1144.1963
"07/27/2025 06:55:00","EDT","HUD VL",61758,1055.525
"07/27/2025 06:55:00","EDT","LONGIL",61762,2255.5698
"07/27/2025 06:55:00","EDT","MHK VL",61756,860.3018
"07/27/2025 06:55:00","EDT","MILLWD",61759,255.5085
"07/27/2025 06:55:00","EDT","N.Y.C.",61761,5703.926
"07/27/2025 06:55:00","EDT","NORTH",61755,564.6951
"07/27/2025 06:55:00","EDT","WEST",61752,1842.9332
"07/27/2025 07:00:00","EDT","CAPITL",61757,1316.2059
"07/27/2025 07:00:00","EDT","CENTRL",61754,1758.379
"07/27/2025 07:00:00","EDT","DUNWOD",61760,638.8757
"07/27/2025 07:00:00","EDT","GENESE",61753,1148.1428
"07/27/2025 07:00:00","EDT","HUD VL",61758,1032.9438
"07/27/2025 07:00:00","EDT","LONGIL",61762,2259.1528
"07/27/2025 07:00:00","EDT","MHK VL",61756,850.3164
"07/27/2025 07:00:00","EDT","MILLWD",61759,258.2884
"07/27/2025 07:00:00","EDT","N.Y.C.",61761,5726.2344
"07/27/2025 07:00:00","EDT","NORTH",61755,582.9354
"07/27/2025 07:00:00","EDT","WEST",61752,1843.689
"07/27/2025 07:05:00","EDT","CAPITL",61757,1327.3944
"07/27/2025 07:05:00","EDT","CENTRL",61754,1757.9099
"07/27/2025 07:05:00","EDT","DUNWOD",61760,627.26
"07/27/2025 07:05:00","EDT","GENESE",61753,1154.3518
"07/27/2025 07:05:00","EDT","HUD VL",61758,1055.5339
"07/27/2025 07:05:00","EDT","LONGIL",61762,2279.789
"07/27/2025 07:05:00","EDT","MHK VL",61756,851.9634
"07/27/2025 07:05:00","EDT","MILLWD",61759,270.671
"07/27/2025 07:05:00","EDT","N.Y.C.",61761,5739.84
"07/27/2025 07:05:00","EDT","NORTH",61755,568.1583
"07/27/2025 07:05:00","EDT","WEST",61752,1857.4475
"07/27/2025 07:10:00","EDT","CAPITL",61757,1330.1978
"07/27/2025 07:10:00","EDT","CENTRL",61754,1760.4681
"07/27/2025 07:10:00","EDT","DUNWOD",61760,648.561
"07/27/2025 07:10:00","EDT","GENESE",61753,1159.5964
"07/27/2025 07:10:00","EDT","HUD VL",61758,1050.5908
"07/27/2025 07:10:00","EDT","LONGIL",61762,2292.1729
"07/27/2025 07:10:00","EDT","MHK VL",61756,863.981
"07/27/2025 07:10:00","EDT","MILLWD",61759,264.156
"07/27/2025 07:10:00","EDT","N.Y.C.",61761,5761.79
"07/27/2025 07:10:00","EDT","NORTH",61755,591.9669
"07/27/2025 07:10:00","EDT","WEST",61752,1839.8596
"07/27/2025 07:15:00","EDT","CAPITL",61757,1325.4233
"07/27/2025 07:15:00","EDT","CENTRL",61754,1730.2975
"07/27/2025 07:15:00","EDT","DUNWOD",61760,659.8755
"07/27/2025 07:15:00","EDT","GENESE",61753,1163.0227
"07/27/2025 07:15:00","EDT","HUD VL",61758,1030.4198
"07/27/2025 07:15:00","EDT","LONGIL",61762,2289.997
"07/27/2025 07:15:00","EDT","MHK VL",61756,878.7924
"07/27/2025 07:15:00","EDT","MILLWD",61759,266.5754
"07/27/2025 07:15:00","EDT","N.Y.C.",61761,5760.7905
"07/27/2025 07:15:00","EDT","NORTH",61755,590.5698
"07/27/2025 07:15:00","EDT","WEST",61752,1838.2537
"07/27/2025 07:15:37","EDT","CAPITL",61757,1342.2437
"07/27/2025 07:15:37","EDT","CENTRL",61754,1784.6208
"07/27/2025 07:15:37","EDT","DUNWOD",61760,632.0377
"07/27/2025 07:15:37","EDT","GENESE",61753,1153.8728
"07/27/2025 07:15:37","EDT","HUD VL",61758,1041.406
"07/27/2025 07:15:37","EDT","LONGIL",61762,2307.5347
"07/27/2025 07:15:37","EDT","MHK VL",61756,884.6348
"07/27/2025 07:15:37","EDT","MILLWD",61759,274.3702
"07/27/2025 07:15:37","EDT","N.Y.C.",61761,5815.659
"07/27/2025 07:15:37","EDT","NORTH",61755,597.9136
"07/27/2025 07:15:37","EDT","WEST",61752,1850.5271
"07/27/2025 07:17:25","EDT","CAPITL",61757,1332.7642
"07/27/2025 07:17:25","EDT","CENTRL",61754,1772.4788
"07/27/2025 07:17:25","EDT","DUNWOD",61760,653.5096
"07/27/2025 07:17:25","EDT","GENESE",61753,1169.5994
"07/27/2025 07:17:25","EDT","HUD VL",61758,1061.7009
"07/27/2025 07:17:25","EDT","LONGIL",61762,2313.8984
"07/27/2025 07:17:25","EDT","MHK VL",61756,866.9839
"07/27/2025 07:17:25","EDT","MILLWD",61759,261.2445
"07/27/2025 07:17:25","EDT","N.Y.C.",61761,5794.6475
"07/27/2025 07:17:25","EDT","NORTH",61755,602.191
"07/27/2025 07:17:25","EDT","WEST",61752,1852.2911
"07/27/2025 07:20:00","EDT","CAPITL",61757,1331.6123
"07/27/2025 07:20:00","EDT","CENTRL",61754,1762.6154
"07/27/2025 07:20:00","EDT","DUNWOD",61760,643.7889
"07/27/2025 07:20:00","EDT","GENESE",61753,1173.54
"07/27/2025 07:20:00","EDT","HUD VL",61758,1076.2688
"07/27/2025 07:20:00","EDT","LONGIL",61762,2304.9182
"07/27/2025 07:20:00","EDT","MHK VL",61756,867.2296
"07/27/2025 07:20:00","EDT","MILLWD",61759,277.035
"07/27/2025 07:20:00","EDT","N.Y.C.",61761,5836.264
"07/27/2025 07:20:00","EDT","NORTH",61755,601.1797
"07/27/2025 07:20:00","EDT","WEST",61752,1840.6145
"07/27/2025 07:25:00","EDT","CAPITL",61757,1336.1261
"07/27/2025 07:25:00","EDT","CENTRL",61754,1758.8081
"07/27/2025 07:25:00","EDT","DUNWOD",61760,648.5878
"07/27/2025 07:25:00","EDT","GENESE",61753,1170.4229
"07/27/2025 07:25:00","EDT","HUD VL",61758,1040.8003
"07/27/2025 07:25:00","EDT","LONGIL",61762,2315.0034
"07/27/2025 07:25:00","EDT","MHK VL",61756,880.8469
"07/27/2025 07:25:00","EDT","MILLWD",61759,266.2131
"07/27/2025 07:25:00","EDT","N.Y.C.",61761,5821.0605
"07/27/2025 07:25:00","EDT","NORTH",61755,589.5996
"07/27/2025 07:25:00","EDT","WEST",61752,1834.615
"07/27/2025 07:30:00","EDT","CAPITL",61757,1343.214
"07/27/2025 07:30:00","EDT","CENTRL",61754,1788.248
"07/27/2025 07:30:00","EDT","DUNWOD",61760,649.7622
"07/27/2025 07:30:00","EDT","GENESE",61753,1173.2568
"07/27/2025 07:30:00","EDT","HUD VL",61758,1068.5732
"07/27/2025 07:30:00","EDT","LONGIL",61762,2318.8154
"07/27/2025 07:30:00","EDT","MHK VL",61756,880.9249
"07/27/2025 07:30:00","EDT","MILLWD",61759,271.683
"07/27/2025 07:30:00","EDT","N.Y.C.",61761,5843.5444
"07/27/2025 07:30:00","EDT","NORTH",61755,596.2814
"07/27/2025 07:30:00","EDT","WEST",61752,1855.147
"07/27/2025 07:35:00","EDT","CAPITL",61757,1340.7002
"07/27/2025 07:35:00","EDT","CENTRL",61754,1772.1072
"07/27/2025 07:35:00","EDT","DUNWOD",61760,640.5291
"07/27/2025 07:35:00","EDT","GENESE",61753,1179.8672
"07/27/2025 07:35:00","EDT","HUD VL",61758,1080.429
"07/27/2025 07:35:00","EDT","LONGIL",61762,2316.0288
"07/27/2025 07:35:00","EDT","MHK VL",61756,871.8064
"07/27/2025 07:35:00","EDT","MILLWD",61759,282.7148
"07/27/2025 07:35:00","EDT","N.Y.C.",61761,5860.021
"07/27/2025 07:35:00","EDT","NORTH",61755,599.4851
"07/27/2025 07:35:00","EDT","WEST",61752,1868.1572
"07/27/2025 07:40:00","EDT","CAPITL",61757,1352.2468
"07/27/2025 07:40:00","EDT","CENTRL",61754,1786.2784
"07/27/2025 07:40:00","EDT","DUNWOD",61760,633.4216
"07/27/2025 07:40:00","EDT","GENESE",61753,1182.5764
"07/27/2025 07:40:00","EDT","HUD VL",61758,1080.6768
"07/27/2025 07:40:00","EDT","LONGIL",61762,2343.1794
"07/27/2025 07:40:00","EDT","MHK VL",61756,880.4686
"07/27/2025 07:40:00","EDT","MILLWD",61759,289.1494
"07/27/2025 07:40:00","EDT","N.Y.C.",61761,5885.7266
"07/27/2025 07:40:00","EDT","NORTH",61755,596.6953
"07/27/2025 07:40:00","EDT","WEST",61752,1860.9287
"07/27/2025 07:45:00","EDT","CAPITL",61757,1340.3038
"07/27/2025 07:45:00","EDT","CENTRL",61754,1742.2938
"07/27/2025 07:45:00","EDT","DUNWOD",61760,650.967
"07/27/2025 07:45:00","EDT","GENESE",61753,1186.3335
"07/27/2025 07:45:00","EDT","HUD VL",61758,1094.6375
"07/27/2025 07:45:00","EDT","LONGIL",61762,2359.642
"07/27/2025 07:45:00","EDT","MHK VL",61756,885.309
"07/27/2025 07:45:00","EDT","MILLWD",61759,270.5111
"07/27/2025 07:45:00","EDT","N.Y.C.",61761,5877.629
"07/27/2025 07:45:00","EDT","NORTH",61755,598.3584
"07/27/2025 07:45:00","EDT","WEST",61752,1865.3622
"07/27/2025 07:50:00","EDT","CAPITL",61757,1338.7449
"07/27/2025 07:50:00","EDT","CENTRL",61754,1737.5663
"07/27/2025 07:50:00","EDT","DUNWOD",61760,656.906
"07/27/2025 07:50:00","EDT","GENESE",61753,1181.0278
"07/27/2025 07:50:00","EDT","HUD VL",61758,1081.1921
"07/27/2025 07:50:00","EDT","LONGIL",61762,2357.77
"07/27/2025 07:50:00","EDT","MHK VL",61756,887.0238
"07/27/2025 07:50:00","EDT","MILLWD",61759,272.1128
"07/27/2025 07:50:00","EDT","N.Y.C.",61761,5913.4316
"07/27/2025 07:50:00","EDT","NORTH",61755,596.9647
"07/27/2025 07:50:00","EDT","WEST",61752,1869.2053
"07/27/2025 07:55:00","EDT","CAPITL",61757,1341.2582
"07/27/2025 07:55:00","EDT","CENTRL",61754,1731.3679
"07/27/2025 07:55:00","EDT","DUNWOD",61760,667.6731
"07/27/2025 07:55:00","EDT","GENESE",61753,1186.7854
"07/27/2025 07:55:00","EDT","HUD VL",61758,1082.0916
"07/27/2025 07:55:00","EDT","LONGIL",61762,2373.9385
"07/27/2025 07:55:00","EDT","MHK VL",61756,886.932
"07/27/2025 07:55:00","EDT","MILLWD",61759,265.1348
"07/27/2025 07:55:00","EDT","N.Y.C.",61761,5914.2666
"07/27/2025 07:55:00","EDT","NORTH",61755,596.5894
"07/27/2025 07:55:00","EDT","WEST",61752,1867.8717
"07/27/2025 08:00:00","EDT","CAPITL",61757,1361.738
"07/27/2025 08:00:00","EDT","CENTRL",61754,1779.7052
"07/27/2025 08:00:00","EDT","DUNWOD",61760,651.3044
"07/27/2025 08:00:00","EDT","GENESE",61753,1200.3525
"07/27/2025 08:00:00","EDT","HUD VL",61758,1072.5549
"07/27/2025 08:00:00","EDT","LONGIL",61762,2376.4316
"07/27/2025 08:00:00","EDT","MHK VL",61756,874.7705
"07/27/2025 08:00:00","EDT","MILLWD",61759,297.094
"07/27/2025 08:00:00","EDT","N.Y.C.",61761,5915.8193
"07/27/2025 08:00:00","EDT","NORTH",61755,603.3792
"07/27/2025 08:00:00","EDT","WEST",61752,1887.4795
"07/27/2025 08:05:00","EDT","CAPITL",61757,1363.0571
"07/27/2025 08:05:00","EDT","CENTRL",61754,1742.683
"07/27/2025 08:05:00","EDT","DUNWOD",61760,638.377
"07/27/2025 08:05:00","EDT","GENESE",61753,1194.7639
"07/27/2025 08:05:00","EDT","HUD VL",61758,1089.4554
"07/27/2025 08:05:00","EDT","LONGIL",61762,2408.1777
"07/27/2025 08:05:00","EDT","MHK VL",61756,854.997
"07/27/2025 08:05:00","EDT","MILLWD",61759,298.346
"07/27/2025 08:05:00","EDT","N.Y.C.",61761,5955.0957
"07/27/2025 08:05:00","EDT","NORTH",61755,619.9296
"07/27/2025 08:05:00","EDT","WEST",61752,1898.5298
"07/27/2025 08:10:00","EDT","CAPITL",61757,1371.1471
"07/27/2025 08:10:00","EDT","CENTRL",61754,1724.646
"07/27/2025 08:10:00","EDT","DUNWOD",61760,676.0182
"07/27/2025 08:10:00","EDT","GENESE",61753,1200.5839
"07/27/2025 08:10:00","EDT","HUD VL",61758,1123.5083
"07/27/2025 08:10:00","EDT","LONGIL",61762,2419.8215
"07/27/2025 08:10:00","EDT","MHK VL",61756,893.4451
"07/27/2025 08:10:00","EDT","MILLWD",61759,282.4658
"07/27/2025 08:10:00","EDT","N.Y.C.",61761,5957.5166
"07/27/2025 08:10:00","EDT","NORTH",61755,593.6996
"07/27/2025 08:10:00","EDT","WEST",61752,1906.2303
"07/27/2025 08:15:00","EDT","CAPITL",61757,1373.3834
"07/27/2025 08:15:00","EDT","CENTRL",61754,1738.9265
"07/27/2025 08:15:00","EDT","DUNWOD",61760,680.4278
"07/27/2025 08:15:00","EDT","GENESE",61753,1204.7119
"07/27/2025 08:15:00","EDT","HUD VL",61758,1132.869
"07/27/2025 08:15:00","EDT","LONGIL",61762,2430.3867
"07/27/2025 08:15:00","EDT","MHK VL",61756,904.8037
"07/27/2025 08:15:00","EDT","MILLWD",61759,269.2015
"07/27/2025 08:15:00","EDT","N.Y.C.",61761,5964.1963
"07/27/2025 08:15:00","EDT","NORTH",61755,600.3236
"07/27/2025 08:15:00","EDT","WEST",61752,1916.3906
"07/27/2025 08:20:00","EDT","CAPITL",61757,1358.5618
"07/27/2025 08:20:00","EDT","CENTRL",61754,1758.8118
"07/27/2025 08:20:00","EDT","DUNWOD",61760,676.6364
"07/27/2025 08:20:00","EDT","GENESE",61753,1199.5254
"07/27/2025 08:20:00","EDT","HUD VL",61758,1102.4144
"07/27/2025 08:20:00","EDT","LONGIL",61762,2448.795
"07/27/2025 08:20:00","EDT","MHK VL",61756,899.4986
"07/27/2025 08:20:00","EDT","MILLWD",61759,305.3119
"07/27/2025 08:20:00","EDT","N.Y.C.",61761,6006.184
"07/27/2025 08:20:00","EDT","NORTH",61755,601.313
"07/27/2025 08:20:00","EDT","WEST",61752,1909.7698
"07/27/2025 08:25:00","EDT","CAPITL",61757,1365.7946
"07/27/2025 08:25:00","EDT","CENTRL",61754,1742.0833
"07/27/2025 08:25:00","EDT","DUNWOD",61760,659.4443
"07/27/2025 08:25:00","EDT","GENESE",61753,1203.5321
"07/27/2025 08:25:00","EDT","HUD VL",61758,1117.9209
"07/27/2025 08:25:00","EDT","LONGIL",61762,2485.0303
"07/27/2025 08:25:00","EDT","MHK VL",61756,910.9068
"07/27/2025 08:25:00","EDT","MILLWD",61759,316.9244
"07/27/2025 08:25:00","EDT","N.Y.C.",61761,6019.4756
"07/27/2025 08:25:00","EDT","NORTH",61755,606.292
"07/27/2025 08:25:00","EDT","WEST",61752,1904.3658
"07/27/2025 08:30:00","EDT","CAPITL",61757,1384.529
"07/27/2025 08:30:00","EDT","CENTRL",61754,1766.842
"07/27/2025 08:30:00","EDT","DUNWOD",61760,685.8539
"07/27/2025 08:30:00","EDT","GENESE",61753,1203.8591
"07/27/2025 08:30:00","EDT","HUD VL",61758,1114.1304
"07/27/2025 08:30:00","EDT","LONGIL",61762,2470.959
"07/27/2025 08:30:00","EDT","MHK VL",61756,902.6105
"07/27/2025 08:30:00","EDT","MILLWD",61759,287.6361
"07/27/2025 08:30:00","EDT","N.Y.C.",61761,6026.5845
"07/27/2025 08:30:00","EDT","NORTH",61755,601.6998
"07/27/2025 08:30:00","EDT","WEST",61752,1930.6709
"07/27/2025 08:35:00","EDT","CAPITL",61757,1361.1614
"07/27/2025 08:35:00","EDT","CENTRL",61754,1773.4514
"07/27/2025 08:35:00","EDT","DUNWOD",61760,683.109
"07/27/2025 08:35:00","EDT","GENESE",61753,1201.7351
"07/27/2025 08:35:00","EDT","HUD VL",61758,1149.2283
"07/27/2025 08:35:00","EDT","LONGIL",61762,2475.9895
"07/27/2025 08:35:00","EDT","MHK VL",61756,889.5236
"07/27/2025 08:35:00","EDT","MILLWD",61759,292.4045
"07/27/2025 08:35:00","EDT","N.Y.C.",61761,6041.076
"07/27/2025 08:35:00","EDT","NORTH",61755,602.6375
"07/27/2025 08:35:00","EDT","WEST",61752,1924.2698
"07/27/2025 08:40:00","EDT","CAPITL",61757,1386.0654
"07/27/2025 08:40:00","EDT","CENTRL",61754,1765.6118
"07/27/2025 08:40:00","EDT","DUNWOD",61760,667.8366
"07/27/2025 08:40:00","EDT","GENESE",61753,1203.5449
"07/27/2025 08:40:00","EDT","HUD VL",61758,1127.759
"07/27/2025 08:40:00","EDT","LONGIL",61762,2513.1626
"07/27/2025 08:40:00","EDT","MHK VL",61756,894.4041
"07/27/2025 08:40:00","EDT","MILLWD",61759,319.3369
"07/27/2025 08:40:00","EDT","N.Y.C.",61761,6076.7734
"07/27/2025 08:40:00","EDT","NORTH",61755,602.9987
"07/27/2025 08:40:00","EDT","WEST",61752,1928.6417
"07/27/2025 08:45:00","EDT","CAPITL",61757,1368.8976
"07/27/2025 08:45:00","EDT","CENTRL",61754,1778.1614
"07/27/2025 08:45:00","EDT","DUNWOD",61760,696.419
"07/27/2025 08:45:00","EDT","GENESE",61753,1199.9022
"07/27/2025 08:45:00","EDT","HUD VL",61758,1142.0713
"07/27/2025 08:45:00","EDT","LONGIL",61762,2517.0469
"07/27/2025 08:45:00","EDT","MHK VL",61756,883.4422
"07/27/2025 08:45:00","EDT","MILLWD",61759,293.8734
"07/27/2025 08:45:00","EDT","N.Y.C.",61761,6089.8887
"07/27/2025 08:45:00","EDT","NORTH",61755,618.8712
"07/27/2025 08:45:00","EDT","WEST",61752,1919.4336
"07/27/2025 08:50:00","EDT","CAPITL",61757,1378.409
"07/27/2025 08:50:00","EDT","CENTRL",61754,1783.4504
"07/27/2025 08:50:00","EDT","DUNWOD",61760,682.1992
"07/27/2025 08:50:00","EDT","GENESE",61753,1190.28
"07/27/2025 08:50:00","EDT","HUD VL",61758,1145.0254
"07/27/2025 08:50:00","EDT","LONGIL",61762,2547.4927
"07/27/2025 08:50:00","EDT","MHK VL",61756,895.6527
"07/27/2025 08:50:00","EDT","MILLWD",61759,303.6076
"07/27/2025 08:50:00","EDT","N.Y.C.",61761,6120.025
"07/27/2025 08:50:00","EDT","NORTH",61755,617.173
"07/27/2025 08:50:00","EDT","WEST",61752,1923.9608
"07/27/2025 08:55:00","EDT","CAPITL",61757,1397.9236
"07/27/2025 08:55:00","EDT","CENTRL",61754,1781.7659
"07/27/2025 08:55:00","EDT","DUNWOD",61760,688.8066
"07/27/2025 08:55:00","EDT","GENESE",61753,1180.1515
"07/27/2025 08:55:00","EDT","HUD VL",61758,1166.8987
"07/27/2025 08:55:00","EDT","LONGIL",61762,2560.0566
"07/27/2025 08:55:00","EDT","MHK VL",61756,906.139
"07/27/2025 08:55:00","EDT","MILLWD",61759,299.7294
"07/27/2025 08:55:00","EDT","N.Y.C.",61761,6139.328
"07/27/2025 08:55:00","EDT","NORTH",61755,597.6321
"07/27/2025 08:55:00","EDT","WEST",61752,1934.8333
"07/27/2025 09:00:00","EDT","CAPITL",61757,1378.7028
"07/27/2025 09:00:00","EDT","CENTRL",61754,1826.5774
"07/27/2025 09:00:00","EDT","DUNWOD",61760,689.1933
"07/27/2025 09:00:00","EDT","GENESE",61753,1166.3512
"07/27/2025 09:00:00","EDT","HUD VL",61758,1173.5388
"07/27/2025 09:00:00","EDT","LONGIL",61762,2587.1619
"07/27/2025 09:00:00","EDT","MHK VL",61756,909.9914
"07/27/2025 09:00:00","EDT","MILLWD",61759,296.5958
"07/27/2025 09:00:00","EDT","N.Y.C.",61761,6156.9014
"07/27/2025 09:00:00","EDT","NORTH",61755,603.8991
"07/27/2025 09:00:00","EDT","WEST",61752,1915.889
"07/27/2025 09:05:00","EDT","CAPITL",61757,1379.8949
"07/27/2025 09:05:00","EDT","CENTRL",61754,1783.1406
"07/27/2025 09:05:00","EDT","DUNWOD",61760,690.75
"07/27/2025 09:05:00","EDT","GENESE",61753,1163.9978
"07/27/2025 09:05:00","EDT","HUD VL",61758,1136.0447
"07/27/2025 09:05:00","EDT","LONGIL",61762,2610.8982
"07/27/2025 09:05:00","EDT","MHK VL",61756,911.731
"07/27/2025 09:05:00","EDT","MILLWD",61759,317.226
"07/27/2025 09:05:00","EDT","N.Y.C.",61761,6175.531
"07/27/2025 09:05:00","EDT","NORTH",61755,610.8704
"07/27/2025 09:05:00","EDT","WEST",61752,1975.1494
"07/27/2025 09:10:00","EDT","CAPITL",61757,1386.6855
"07/27/2025 09:10:00","EDT","CENTRL",61754,1804.3718
"07/27/2025 09:10:00","EDT","DUNWOD",61760,697.4296
"07/27/2025 09:10:00","EDT","GENESE",61753,1163.5481
"07/27/2025 09:10:00","EDT","HUD VL",61758,1161.5923
"07/27/2025 09:10:00","EDT","LONGIL",61762,2621.1873
"07/27/2025 09:10:00","EDT","MHK VL",61756,906.118
"07/27/2025 09:10:00","EDT","MILLWD",61759,311.1432
"07/27/2025 09:10:00","EDT","N.Y.C.",61761,6183.84
"07/27/2025 09:10:00","EDT","NORTH",61755,607.2993
"07/27/2025 09:10:00","EDT","WEST",61752,1971.2114
"07/27/2025 09:15:00","EDT","CAPITL",61757,1398.8467
"07/27/2025 09:15:00","EDT","CENTRL",61754,1799.6384
"07/27/2025 09:15:00","EDT","DUNWOD",61760,712.4279
"07/27/2025 09:15:00","EDT","GENESE",61753,1162.7809
"07/27/2025 09:15:00","EDT","HUD VL",61758,1145.393
"07/27/2025 09:15:00","EDT","LONGIL",61762,2619.0361
"07/27/2025 09:15:00","EDT","MHK VL",61756,905.445
"07/27/2025 09:15:00","EDT","MILLWD",61759,313.8839
"07/27/2025 09:15:00","EDT","N.Y.C.",61761,6204.8145
"07/27/2025 09:15:00","EDT","NORTH",61755,613.8278
"07/27/2025 09:15:00","EDT","WEST",61752,1985.9117
"07/27/2025 09:20:00","EDT","CAPITL",61757,1378.9036
"07/27/2025 09:20:00","EDT","CENTRL",61754,1817.6599
"07/27/2025 09:20:00","EDT","DUNWOD",61760,701.9378
"07/27/2025 09:20:00","EDT","GENESE",61753,1149.5222
"07/27/2025 09:20:00","EDT","HUD VL",61758,1176.9553
"07/27/2025 09:20:00","EDT","LONGIL",61762,2631.6084
"07/27/2025 09:20:00","EDT","MHK VL",61756,913.3494
"07/27/2025 09:20:00","EDT","MILLWD",61759,316.8032
"07/27/2025 09:20:00","EDT","N.Y.C.",61761,6230.5977
"07/27/2025 09:20:00","EDT","NORTH",61755,595.0209
"07/27/2025 09:20:00","EDT","WEST",61752,1984.1509
"07/27/2025 09:25:00","EDT","CAPITL",61757,1368.6556
"07/27/2025 09:25:00","EDT","CENTRL",61754,1800.7017
"07/27/2025 09:25:00","EDT","DUNWOD",61760,703.7601
"07/27/2025 09:25:00","EDT","GENESE",61753,1171.542
"07/27/2025 09:25:00","EDT","HUD VL",61758,1173.8262
"07/27/2025 09:25:00","EDT","LONGIL",61762,2655.3716
"07/27/2025 09:25:00","EDT","MHK VL",61756,914.8226
"07/27/2025 09:25:00","EDT","MILLWD",61759,323.454
"07/27/2025 09:25:00","EDT","N.Y.C.",61761,6274.5757
"07/27/2025 09:25:00","EDT","NORTH",61755,600.1448
"07/27/2025 09:25:00","EDT","WEST",61752,2010.9955
"07/27/2025 09:30:00","EDT","CAPITL",61757,1384.1344
"07/27/2025 09:30:00","EDT","CENTRL",61754,1793.2441
"07/27/2025 09:30:00","EDT","DUNWOD",61760,705.9091
"07/27/2025 09:30:00","EDT","GENESE",61753,1202.0873
"07/27/2025 09:30:00","EDT","HUD VL",61758,1179.3904
"07/27/2025 09:30:00","EDT","LONGIL",61762,2664.599
"07/27/2025 09:30:00","EDT","MHK VL",61756,894.4194
"07/27/2025 09:30:00","EDT","MILLWD",61759,317.6742
"07/27/2025 09:30:00","EDT","N.Y.C.",61761,6312.785
"07/27/2025 09:30:00","EDT","NORTH",61755,619.9662
"07/27/2025 09:30:00","EDT","WEST",61752,1995.4729
"07/27/2025 09:35:00","EDT","CAPITL",61757,1402.905
"07/27/2025 09:35:00","EDT","CENTRL",61754,1819.9993
"07/27/2025 09:35:00","EDT","DUNWOD",61760,713.5781
"07/27/2025 09:35:00","EDT","GENESE",61753,1194.0391
"07/27/2025 09:35:00","EDT","HUD VL",61758,1176.6914
"07/27/2025 09:35:00","EDT","LONGIL",61762,2682.914
"07/27/2025 09:35:00","EDT","MHK VL",61756,924.4078
"07/27/2025 09:35:00","EDT","MILLWD",61759,323.6257
"07/27/2025 09:35:00","EDT","N.Y.C.",61761,6300.0674
"07/27/2025 09:35:00","EDT","NORTH",61755,593.3507
"07/27/2025 09:35:00","EDT","WEST",61752,1985.1135
"07/27/2025 09:40:00","EDT","CAPITL",61757,1381.8943
"07/27/2025 09:40:00","EDT","CENTRL",61754,1822.1694
"07/27/2025 09:40:00","EDT","DUNWOD",61760,715.5271
"07/27/2025 09:40:00","EDT","GENESE",61753,1246.2034
"07/27/2025 09:40:00","EDT","HUD VL",61758,1197.0095
"07/27/2025 09:40:00","EDT","LONGIL",61762,2704.334
"07/27/2025 09:40:00","EDT","MHK VL",61756,903.1527
"07/27/2025 09:40:00","EDT","MILLWD",61759,321.8053
"07/27/2025 09:40:00","EDT","N.Y.C.",61761,6352.0254
"07/27/2025 09:40:00","EDT","NORTH",61755,584.0942
"07/27/2025 09:40:00","EDT","WEST",61752,2014.5088
"07/27/2025 09:45:00","EDT","CAPITL",61757,1386.5377
"07/27/2025 09:45:00","EDT","CENTRL",61754,1812.4563
"07/27/2025 09:45:00","EDT","DUNWOD",61760,713.077
"07/27/2025 09:45:00","EDT","GENESE",61753,1259.3093
"07/27/2025 09:45:00","EDT","HUD VL",61758,1198.8401
"07/27/2025 09:45:00","EDT","LONGIL",61762,2736.5972
"07/27/2025 09:45:00","EDT","MHK VL",61756,908.3894
"07/27/2025 09:45:00","EDT","MILLWD",61759,333.0605
"07/27/2025 09:45:00","EDT","N.Y.C.",61761,6361.9834
"07/27/2025 09:45:00","EDT","NORTH",61755,584.6572
"07/27/2025 09:45:00","EDT","WEST",61752,2002.935
"07/27/2025 09:50:00","EDT","CAPITL",61757,1392.7465
"07/27/2025 09:50:00","EDT","CENTRL",61754,1808.2656
"07/27/2025 09:50:00","EDT","DUNWOD",61760,716.9481
"07/27/2025 09:50:00","EDT","GENESE",61753,1255.1628
"07/27/2025 09:50:00","EDT","HUD VL",61758,1178.2131
"07/27/2025 09:50:00","EDT","LONGIL",61762,2717.5176
"07/27/2025 09:50:00","EDT","MHK VL",61756,922.8008
"07/27/2025 09:50:00","EDT","MILLWD",61759,336.5093
"07/27/2025 09:50:00","EDT","N.Y.C.",61761,6405.071
"07/27/2025 09:50:00","EDT","NORTH",61755,573.9499
"07/27/2025 09:50:00","EDT","WEST",61752,2010.2675
"07/27/2025 09:55:00","EDT","CAPITL",61757,1384.693
"07/27/2025 09:55:00","EDT","CENTRL",61754,1814.2373
"07/27/2025 09:55:00","EDT","DUNWOD",61760,719.5424
"07/27/2025 09:55:00","EDT","GENESE",61753,1267.6655
"07/27/2025 09:55:00","EDT","HUD VL",61758,1180.2761
"07/27/2025 09:55:00","EDT","LONGIL",61762,2746.2166
"07/27/2025 09:55:00","EDT","MHK VL",61756,919.0684
"07/27/2025 09:55:00","EDT","MILLWD",61759,337.4612
"07/27/2025 09:55:00","EDT","N.Y.C.",61761,6385.413
"07/27/2025 09:55:00","EDT","NORTH",61755,572.1364
"07/27/2025 09:55:00","EDT","WEST",61752,2004.033
"07/27/2025 10:00:00","EDT","CAPITL",61757,1382.4326
"07/27/2025 10:00:00","EDT","CENTRL",61754,1794.0742
"07/27/2025 10:00:00","EDT","DUNWOD",61760,713.1828
"07/27/2025 10:00:00","EDT","GENESE",61753,1300.204
"07/27/2025 10:00:00","EDT","HUD VL",61758,1224.0234
"07/27/2025 10:00:00","EDT","LONGIL",61762,2752.599
"07/27/2025 10:00:00","EDT","MHK VL",61756,923.2451
"07/27/2025 10:00:00","EDT","MILLWD",61759,333.5204
"07/27/2025 10:00:00","EDT","N.Y.C.",61761,6418.909
"07/27/2025 10:00:00","EDT","NORTH",61755,581.1859
"07/27/2025 10:00:00","EDT","WEST",61752,2009.5803
"07/27/2025 10:05:00","EDT","CAPITL",61757,1382.8093
"07/27/2025 10:05:00","EDT","CENTRL",61754,1778.7239
"07/27/2025 10:05:00","EDT","DUNWOD",61760,708.9149
"07/27/2025 10:05:00","EDT","GENESE",61753,1285.589
"07/27/2025 10:05:00","EDT","HUD VL",61758,1198.5776
"07/27/2025 10:05:00","EDT","LONGIL",61762,2756.1497
"07/27/2025 10:05:00","EDT","MHK VL",61756,954.9418
"07/27/2025 10:05:00","EDT","MILLWD",61759,350.6592
"07/27/2025 10:05:00","EDT","N.Y.C.",61761,6455.8115
"07/27/2025 10:05:00","EDT","NORTH",61755,542.7924
"07/27/2025 10:05:00","EDT","WEST",61752,1991.2769
"07/27/2025 10:10:00","EDT","CAPITL",61757,1365.5779
"07/27/2025 10:10:00","EDT","CENTRL",61754,1795.7173
"07/27/2025 10:10:00","EDT","DUNWOD",61760,733.2679
"07/27/2025 10:10:00","EDT","GENESE",61753,1287.8254
"07/27/2025 10:10:00","EDT","HUD VL",61758,1212.8857
"07/27/2025 10:10:00","EDT","LONGIL",61762,2765.6318
"07/27/2025 10:10:00","EDT","MHK VL",61756,945.8224
"07/27/2025 10:10:00","EDT","MILLWD",61759,328.8678
"07/27/2025 10:10:00","EDT","N.Y.C.",61761,6469.491
"07/27/2025 10:10:00","EDT","NORTH",61755,562.0501
"07/27/2025 10:10:00","EDT","WEST",61752,2036.3013
"07/27/2025 10:15:00","EDT","CAPITL",61757,1366.9023
"07/27/2025 10:15:00","EDT","CENTRL",61754,1792.9392
"07/27/2025 10:15:00","EDT","DUNWOD",61760,726.6818
"07/27/2025 10:15:00","EDT","GENESE",61753,1310.352
"07/27/2025 10:15:00","EDT","HUD VL",61758,1209.5692
"07/27/2025 10:15:00","EDT","LONGIL",61762,2763.309
"07/27/2025 10:15:00","EDT","MHK VL",61756,949.0726
"07/27/2025 10:15:00","EDT","MILLWD",61759,337.6692
"07/27/2025 10:15:00","EDT","N.Y.C.",61761,6510.674
"07/27/2025 10:15:00","EDT","NORTH",61755,573.3828
"07/27/2025 10:15:00","EDT","WEST",61752,2024.2434
"07/27/2025 10:20:00","EDT","CAPITL",61757,1391.9067
"07/27/2025 10:20:00","EDT","CENTRL",61754,1780.8489
"07/27/2025 10:20:00","EDT","DUNWOD",61760,736.2139
"07/27/2025 10:20:00","EDT","GENESE",61753,1314.3655
"07/27/2025 10:20:00","EDT","HUD VL",61758,1237.5596
"07/27/2025 10:20:00","EDT","LONGIL",61762,2777.6284
"07/27/2025 10:20:00","EDT","MHK VL",61756,942.4538
"07/27/2025 10:20:00","EDT","MILLWD",61759,343.35
"07/27/2025 10:20:00","EDT","N.Y.C.",61761,6548.8022
"07/27/2025 10:20:00","EDT","NORTH",61755,563.0645
"07/27/2025 10:20:00","EDT","WEST",61752,2065.9666
"07/27/2025 10:25:00","EDT","CAPITL",61757,1382.2413
"07/27/2025 10:25:00","EDT","CENTRL",61754,1783.0994
"07/27/2025 10:25:00","EDT","DUNWOD",61760,734.2287
"07/27/2025 10:25:00","EDT","GENESE",61753,1307.6678
"07/27/2025 10:25:00","EDT","HUD VL",61758,1216.05
"07/27/2025 10:25:00","EDT","LONGIL",61762,2809.27
"07/27/2025 10:25:00","EDT","MHK VL",61756,948.2296
"07/27/2025 10:25:00","EDT","MILLWD",61759,327.2887
"07/27/2025 10:25:00","EDT","N.Y.C.",61761,6564.4023
"07/27/2025 10:25:00","EDT","NORTH",61755,586.3127
"07/27/2025 10:25:00","EDT","WEST",61752,2053.691
"07/27/2025 10:30:00","EDT","CAPITL",61757,1395.8187
"07/27/2025 10:30:00","EDT","CENTRL",61754,1768.2341
"07/27/2025 10:30:00","EDT","DUNWOD",61760,732.7299
"07/27/2025 10:30:00","EDT","GENESE",61753,1321.3413
"07/27/2025 10:30:00","EDT","HUD VL",61758,1210.8359
"07/27/2025 10:30:00","EDT","LONGIL",61762,2847.0151
"07/27/2025 10:30:00","EDT","MHK VL",61756,946.4423
"07/27/2025 10:30:00","EDT","MILLWD",61759,346.4083
"07/27/2025 10:30:00","EDT","N.Y.C.",61761,6570.533
"07/27/2025 10:30:00","EDT","NORTH",61755,596.3705
"07/27/2025 10:30:00","EDT","WEST",61752,2040.477
"07/27/2025 10:35:00","EDT","CAPITL",61757,1397.5372
"07/27/2025 10:35:00","EDT","CENTRL",61754,1759.2017
"07/27/2025 10:35:00","EDT","DUNWOD",61760,741.4213
"07/27/2025 10:35:00","EDT","GENESE",61753,1344.5916
"07/27/2025 10:35:00","EDT","HUD VL",61758,1212.2811
"07/27/2025 10:35:00","EDT","LONGIL",61762,2845.9175
"07/27/2025 10:35:00","EDT","MHK VL",61756,941.9468
"07/27/2025 10:35:00","EDT","MILLWD",61759,340.2451
"07/27/2025 10:35:00","EDT","N.Y.C.",61761,6613.051
"07/27/2025 10:35:00","EDT","NORTH",61755,584.4575
"07/27/2025 10:35:00","EDT","WEST",61752,2043.9961
"07/27/2025 10:40:00","EDT","CAPITL",61757,1395.184
"07/27/2025 10:40:00","EDT","CENTRL",61754,1735.5693
"07/27/2025 10:40:00","EDT","DUNWOD",61760,734.2046
"07/27/2025 10:40:00","EDT","GENESE",61753,1360.5674
"07/27/2025 10:40:00","EDT","HUD VL",61758,1224.7944
"07/27/2025 10:40:00","EDT","LONGIL",61762,2860.5762
"07/27/2025 10:40:00","EDT","MHK VL",61756,966.1622
"07/27/2025 10:40:00","EDT","MILLWD",61759,336.7858
"07/27/2025 10:40:00","EDT","N.Y.C.",61761,6629.272
"07/27/2025 10:40:00","EDT","NORTH",61755,576.4998
"07/27/2025 10:40:00","EDT","WEST",61752,2032.1526
"07/27/2025 10:45:00","EDT","CAPITL",61757,1387.0809
"07/27/2025 10:45:00","EDT","CENTRL",61754,1739.3806
"07/27/2025 10:45:00","EDT","DUNWOD",61760,753.9856
"07/27/2025 10:45:00","EDT","GENESE",61753,1343.098
"07/27/2025 10:45:00","EDT","HUD VL",61758,1226.6177
"07/27/2025 10:45:00","EDT","LONGIL",61762,2860.2446
"07/27/2025 10:45:00","EDT","MHK VL",61756,946.0194
"07/27/2025 10:45:00","EDT","MILLWD",61759,336.5505
"07/27/2025 10:45:00","EDT","N.Y.C.",61761,6635.213
"07/27/2025 10:45:00","EDT","NORTH",61755,588.8543
"07/27/2025 10:45:00","EDT","WEST",61752,2048.6238
"07/27/2025 10:50:00","EDT","CAPITL",61757,1387.1715
"07/27/2025 10:50:00","EDT","CENTRL",61754,1774.0032
"07/27/2025 10:50:00","EDT","DUNWOD",61760,728.0759
"07/27/2025 10:50:00","EDT","GENESE",61753,1333.563
"07/27/2025 10:50:00","EDT","HUD VL",61758,1215.5353
"07/27/2025 10:50:00","EDT","LONGIL",61762,2863.2456
"07/27/2025 10:50:00","EDT","MHK VL",61756,940.879
"07/27/2025 10:50:00","EDT","MILLWD",61759,354.6985
"07/27/2025 10:50:00","EDT","N.Y.C.",61761,6683.3184
"07/27/2025 10:50:00","EDT","NORTH",61755,586.1799
"07/27/2025 10:50:00","EDT","WEST",61752,2030.1743
"07/27/2025 10:55:00","EDT","CAPITL",61757,1392.8258
"07/27/2025 10:55:00","EDT","CENTRL",61754,1736.4863
"07/27/2025 10:55:00","EDT","DUNWOD",61760,749.6644
"07/27/2025 10:55:00","EDT","GENESE",61753,1340.5005
"07/27/2025 10:55:00","EDT","HUD VL",61758,1253.6909
"07/27/2025 10:55:00","EDT","LONGIL",61762,2898.751
"07/27/2025 10:55:00","EDT","MHK VL",61756,934.932
"07/27/2025 10:55:00","EDT","MILLWD",61759,327.6826
"07/27/2025 10:55:00","EDT","N.Y.C.",61761,6691.6284
"07/27/2025 10:55:00","EDT","NORTH",61755,596.9211
"07/27/2025 10:55:00","EDT","WEST",61752,2046.637
"07/27/2025 11:00:00","EDT","CAPITL",61757,1419.9823
"07/27/2025 11:00:00","EDT","CENTRL",61754,1746.6816
"07/27/2025 11:00:00","EDT","DUNWOD",61760,745.4798
"07/27/2025 11:00:00","EDT","GENESE",61753,1332.59
"07/27/2025 11:00:00","EDT","HUD VL",61758,1230.1602
"07/27/2025 11:00:00","EDT","LONGIL",61762,2927.5874
"07/27/2025 11:00:00","EDT","MHK VL",61756,922.9094
"07/27/2025 11:00:00","EDT","MILLWD",61759,349.9321
"07/27/2025 11:00:00","EDT","N.Y.C.",61761,6749.6704
"07/27/2025 11:00:00","EDT","NORTH",61755,586.0066
"07/27/2025 11:00:00","EDT","WEST",61752,2071.1343
"07/27/2025 11:05:00","EDT","CAPITL",61757,1405.1074
"07/27/2025 11:05:00","EDT","CENTRL",61754,1802.6716
"07/27/2025 11:05:00","EDT","DUNWOD",61760,757.9878
"07/27/2025 11:05:00","EDT","GENESE",61753,1332.719
"07/27/2025 11:05:00","EDT","HUD VL",61758,1239.9862
"07/27/2025 11:05:00","EDT","LONGIL",61762,2933.1855
"07/27/2025 11:05:00","EDT","MHK VL",61756,954.6647
"07/27/2025 11:05:00","EDT","MILLWD",61759,342.4829
"07/27/2025 11:05:00","EDT","N.Y.C.",61761,6779.755
"07/27/2025 11:05:00","EDT","NORTH",61755,568.1608
"07/27/2025 11:05:00","EDT","WEST",61752,2069.3716
"07/27/2025 11:10:00","EDT","CAPITL",61757,1400.048
"07/27/2025 11:10:00","EDT","CENTRL",61754,1802.6736
"07/27/2025 11:10:00","EDT","DUNWOD",61760,767.6781
"07/27/2025 11:10:00","EDT","GENESE",61753,1314.8854
"07/27/2025 11:10:00","EDT","HUD VL",61758,1245.6675
"07/27/2025 11:10:00","EDT","LONGIL",61762,2946.1536
"07/27/2025 11:10:00","EDT","MHK VL",61756,939.7919
"07/27/2025 11:10:00","EDT","MILLWD",61759,329.2682
"07/27/2025 11:10:00","EDT","N.Y.C.",61761,6813.537
"07/27/2025 11:10:00","EDT","NORTH",61755,552.2385
"07/27/2025 11:10:00","EDT","WEST",61752,2081.073
"07/27/2025 11:15:00","EDT","CAPITL",61757,1394.1285
"07/27/2025 11:15:00","EDT","CENTRL",61754,1809.3394
"07/27/2025 11:15:00","EDT","DUNWOD",61760,783.8337
"07/27/2025 11:15:00","EDT","GENESE",61753,1321.6483
"07/27/2025 11:15:00","EDT","HUD VL",61758,1263.9182
"07/27/2025 11:15:00","EDT","LONGIL",61762,2966.8093
"07/27/2025 11:15:00","EDT","MHK VL",61756,946.8796
"07/27/2025 11:15:00","EDT","MILLWD",61759,322.8635
"07/27/2025 11:15:00","EDT","N.Y.C.",61761,6813.338
"07/27/2025 11:15:00","EDT","NORTH",61755,577.0023
"07/27/2025 11:15:00","EDT","WEST",61752,2101.1353
"07/27/2025 11:20:00","EDT","CAPITL",61757,1413.827
"07/27/2025 11:20:00","EDT","CENTRL",61754,1797.2651
"07/27/2025 11:20:00","EDT","DUNWOD",61760,792.4974
"07/27/2025 11:20:00","EDT","GENESE",61753,1347.251
"07/27/2025 11:20:00","EDT","HUD VL",61758,1261.856
"07/27/2025 11:20:00","EDT","LONGIL",61762,2982.4824
"07/27/2025 11:20:00","EDT","MHK VL",61756,937.3871
"07/27/2025 11:20:00","EDT","MILLWD",61759,306.9606
"07/27/2025 11:20:00","EDT","N.Y.C.",61761,6848.133
"07/27/2025 11:20:00","EDT","NORTH",61755,586.0106
"07/27/2025 11:20:00","EDT","WEST",61752,2070.4973
"07/27/2025 11:25:00","EDT","CAPITL",61757,1416.8125
"07/27/2025 11:25:00","EDT","CENTRL",61754,1755.4167
"07/27/2025 11:25:00","EDT","DUNWOD",61760,785.4293
"07/27/2025 11:25:00","EDT","GENESE",61753,1336.6492
"07/27/2025 11:25:00","EDT","HUD VL",61758,1272.3722
"07/27/2025 11:25:00","EDT","LONGIL",61762,3015.4482
"07/27/2025 11:25:00","EDT","MHK VL",61756,937.0186
"07/27/2025 11:25:00","EDT","MILLWD",61759,342.3323
"07/27/2025 11:25:00","EDT","N.Y.C.",61761,6854.791
"07/27/2025 11:25:00","EDT","NORTH",61755,590.1465
"07/27/2025 11:25:00","EDT","WEST",61752,2115.5293
"07/27/2025 11:30:00","EDT","CAPITL",61757,1411.4769
"07/27/2025 11:30:00","EDT","CENTRL",61754,1788.6526
"07/27/2025 11:30:00","EDT","DUNWOD",61760,771.0773
"07/27/2025 11:30:00","EDT","GENESE",61753,1325.6757
"07/27/2025 11:30:00","EDT","HUD VL",61758,1274.7839
"07/27/2025 11:30:00","EDT","LONGIL",61762,3044.9385
"07/27/2025 11:30:00","EDT","MHK VL",61756,923.6216
"07/27/2025 11:30:00","EDT","MILLWD",61759,333.8933
"07/27/2025 11:30:00","EDT","N.Y.C.",61761,6868.318
"07/27/2025 11:30:00","EDT","NORTH",61755,591.9729
"07/27/2025 11:30:00","EDT","WEST",61752,2085.0422
"07/27/2025 11:35:00","EDT","CAPITL",61757,1395.8107
"07/27/2025 11:35:00","EDT","CENTRL",61754,1763.9385
"07/27/2025 11:35:00","EDT","DUNWOD",61760,770.767
"07/27/2025 11:35:00","EDT","GENESE",61753,1320.6763
"07/27/2025 11:35:00","EDT","HUD VL",61758,1265.0835
"07/27/2025 11:35:00","EDT","LONGIL",61762,3073.161
"07/27/2025 11:35:00","EDT","MHK VL",61756,919.8123
"07/27/2025 11:35:00","EDT","MILLWD",61759,344.5104
"07/27/2025 11:35:00","EDT","N.Y.C.",61761,6899.7393
"07/27/2025 11:35:00","EDT","NORTH",61755,598.7347
"07/27/2025 11:35:00","EDT","WEST",61752,2094.2
"07/27/2025 11:40:00","EDT","CAPITL",61757,1388.6495
"07/27/2025 11:40:00","EDT","CENTRL",61754,1776.104
"07/27/2025 11:40:00","EDT","DUNWOD",61760,783.9645
"07/27/2025 11:40:00","EDT","GENESE",61753,1318.9954
"07/27/2025 11:40:00","EDT","HUD VL",61758,1267.982
"07/27/2025 11:40:00","EDT","LONGIL",61762,3110.5803
"07/27/2025 11:40:00","EDT","MHK VL",61756,916.1645
"07/27/2025 11:40:00","EDT","MILLWD",61759,349.9547
"07/27/2025 11:40:00","EDT","N.Y.C.",61761,6890.5713
"07/27/2025 11:40:00","EDT","NORTH",61755,591.7402
"07/27/2025 11:40:00","EDT","WEST",61752,2129.2344
"07/27/2025 11:45:00","EDT","CAPITL",61757,1378.2566
"07/27/2025 11:45:00","EDT","CENTRL",61754,1789.1768
"07/27/2025 11:45:00","EDT","DUNWOD",61760,794.7264
"07/27/2025 11:45:00","EDT","GENESE",61753,1351.7471
"07/27/2025 11:45:00","EDT","HUD VL",61758,1250.1821
"07/27/2025 11:45:00","EDT","LONGIL",61762,3113.232
"07/27/2025 11:45:00","EDT","MHK VL",61756,903.769
"07/27/2025 11:45:00","EDT","MILLWD",61759,361.0091
"07/27/2025 11:45:00","EDT","N.Y.C.",61761,6912.2256
"07/27/2025 11:45:00","EDT","NORTH",61755,595.1921
"07/27/2025 11:45:00","EDT","WEST",61752,2116.77
